#
# There is insufficient memory for the Java Runtime Environment to continue.
# Native memory allocation (mmap) failed to map 473956352 bytes. Error detail: G1 virtual space
# Possible reasons:
#   The system is out of physical RAM or swap space
#   This process is running with CompressedOops enabled, and the Java Heap may be blocking the growth of the native heap
# Possible solutions:
#   Reduce memory load on the system
#   Increase physical memory or swap space
#   Check if swap backing store is full
#   Decrease Java heap size (-Xmx/-Xms)
#   Decrease number of Java threads
#   Decrease Java thread stack sizes (-Xss)
#   Set larger code cache with -XX:ReservedCodeCacheSize=
#   JVM is running with Unscaled Compressed Oops mode in which the Java heap is
#     placed in the first 4GB address space. The Java Heap base address is the
#     maximum limit for the native heap growth. Please use -XX:HeapBaseMinAddress
#     to set the Java Heap base and to place the Java Heap above 4GB virtual address.
# This output file may be truncated or incomplete.
#
#  Out of Memory Error (os_windows.cpp:3618), pid=14996, tid=15172
#
# JRE version: OpenJDK Runtime Environment Temurin-17.0.16+8 (17.0.16+8) (build 17.0.16+8)
# Java VM: OpenJDK 64-Bit Server VM Temurin-17.0.16+8 (17.0.16+8, mixed mode, sharing, tiered, compressed oops, compressed class ptrs, g1 gc, windows-amd64)
# No core dump will be written. Minidumps are not enabled by default on client versions of Windows
#

---------------  S U M M A R Y ------------

Command Line: --add-opens=java.base/java.lang=ALL-UNNAMED --add-opens=java.base/java.lang.invoke=ALL-UNNAMED --add-opens=java.base/java.util=ALL-UNNAMED --add-opens=java.prefs/java.util.prefs=ALL-UNNAMED --add-exports=jdk.compiler/com.sun.tools.javac.api=ALL-UNNAMED --add-exports=jdk.compiler/com.sun.tools.javac.util=ALL-UNNAMED --add-opens=java.base/java.util=ALL-UNNAMED --add-opens=java.prefs/java.util.prefs=ALL-UNNAMED --add-opens=java.base/java.nio.charset=ALL-UNNAMED --add-opens=java.base/java.net=ALL-UNNAMED --add-opens=java.base/java.util.concurrent.atomic=ALL-UNNAMED --add-opens=java.xml/javax.xml.namespace=ALL-UNNAMED -XX:MaxMetaspaceSize=512m -Xmx2048m -Dfile.encoding=windows-1252 -Duser.country=US -Duser.language=en -Duser.variant -javaagent:C:\Users\USER\.gradle\wrapper\dists\gradle-8.14.3-bin\cv11ve7ro1n3o1j4so8xd9n66\gradle-8.14.3\lib\agents\gradle-instrumentation-agent-8.14.3.jar org.gradle.launcher.daemon.bootstrap.GradleDaemon 8.14.3

Host: AMD Ryzen 5 4500U with Radeon Graphics         , 6 cores, 7G,  Windows 11 , 64 bit Build 26100 (10.0.26100.5074)
Time: Mon Oct 13 19:24:52 2025 Bangladesh Standard Time elapsed time: 601.644620 seconds (0d 0h 10m 1s)

---------------  T H R E A D  ---------------

Current thread (0x0000021d798a1640):  VMThread "VM Thread" [stack: 0x00000069fcf00000,0x00000069fd000000] [id=15172]

Stack: [0x00000069fcf00000,0x00000069fd000000]
Native frames: (J=compiled Java code, j=interpreted, Vv=VM code, C=native code)
V  [jvm.dll+0x683169]
V  [jvm.dll+0x839ac8]
V  [jvm.dll+0x83b573]
V  [jvm.dll+0x83bbe3]
V  [jvm.dll+0x2473ff]
V  [jvm.dll+0x67ff49]
V  [jvm.dll+0x674e3a]
V  [jvm.dll+0x304ea6]
V  [jvm.dll+0x30c366]
V  [jvm.dll+0x35deee]
V  [jvm.dll+0x35e12d]
V  [jvm.dll+0x2dc26c]
V  [jvm.dll+0x2da60f]
V  [jvm.dll+0x2d9d7c]
V  [jvm.dll+0x31d55b]
V  [jvm.dll+0x84041d]
V  [jvm.dll+0x841153]
V  [jvm.dll+0x84167f]
V  [jvm.dll+0x841a64]
V  [jvm.dll+0x841b2e]
V  [jvm.dll+0x7e979c]
V  [jvm.dll+0x682047]
C  [ucrtbase.dll+0x37b0]
C  [KERNEL32.DLL+0x2e8d7]
C  [ntdll.dll+0x8d9c]

VM_Operation (0x0000006986cfd470): G1CollectForAllocation, mode: safepoint, requested by thread 0x0000021d37ef9780


---------------  P R O C E S S  ---------------

Threads class SMR info:
_java_thread_list=0x0000021d3cb6c0f0, length=151, elements={
0x0000021d6a8535c0, 0x0000021d798a8750, 0x0000021d798a8e30, 0x0000021d798c5d30,
0x0000021d798c6210, 0x0000021d798c66f0, 0x0000021d798ccff0, 0x0000021d798ce810,
0x0000021d798ced30, 0x0000021d798d3270, 0x0000021d7991ea60, 0x0000021d79c604a0,
0x0000021d7f7b0ac0, 0x0000021d7f735000, 0x0000021d7f7c4f50, 0x0000021d2a370090,
0x0000021d2a372910, 0x0000021d2a373840, 0x0000021d2a373330, 0x0000021d2bc9f990,
0x0000021d2bca0dd0, 0x0000021d2bca12e0, 0x0000021d2c5df0e0, 0x0000021d2b833f60,
0x0000021d2b837c20, 0x0000021d2b83a4a0, 0x0000021d2b83a9b0, 0x0000021d2c5debd0,
0x0000021d2c5e1e70, 0x0000021d2c5e2380, 0x0000021d2c5e0a30, 0x0000021d2c5e4c00,
0x0000021d3506bc20, 0x0000021d3557acb0, 0x0000021d35849800, 0x0000021d2ecdd1b0,
0x0000021d79ae3320, 0x0000021d371b0010, 0x0000021d371ad280, 0x0000021d34dde120,
0x0000021d34dde630, 0x0000021d2c906fe0, 0x0000021d2c9074f0, 0x0000021d2ecde0e0,
0x0000021d2ecde5f0, 0x0000021d2ecdeb00, 0x0000021d349dbae0, 0x0000021d349dabb0,
0x0000021d349db0c0, 0x0000021d349dd430, 0x0000021d349db5d0, 0x0000021d349dc500,
0x0000021d349dd940, 0x0000021d79adec40, 0x0000021d349da6a0, 0x0000021d349dca10,
0x0000021d349dcf20, 0x0000021d349da190, 0x0000021d371adca0, 0x0000021d79adf150,
0x0000021d79add800, 0x0000021d79ae14c0, 0x0000021d79addd10, 0x0000021d79adfb70,
0x0000021d79ae19d0, 0x0000021d79ade220, 0x0000021d34ddd1f0, 0x0000021d34ddeb40,
0x0000021d34ddb390, 0x0000021d34ddbdb0, 0x0000021d3557b1c0, 0x0000021d79ae2e10,
0x0000021d2c906ad0, 0x0000021d2c907a00, 0x0000021d2c9060b0, 0x0000021d34b8d750,
0x0000021d34b8be00, 0x0000021d3584a220, 0x0000021d3735e030, 0x0000021d3735d610,
0x0000021d3735b7b0, 0x0000021d3735d100, 0x0000021d3735c1d0, 0x0000021d79ae5180,
0x0000021d79ae23f0, 0x0000021d79ae1ee0, 0x0000021d79ae2900, 0x0000021d79ae3830,
0x0000021d79ae3d40, 0x0000021d79ae4250, 0x0000021d79ae4760, 0x0000021d2b8362d0,
0x0000021d2b833030, 0x0000021d34b8dc60, 0x0000021d34b8b8f0, 0x0000021d34b8e170,
0x0000021d34b8c310, 0x0000021d34b8b3e0, 0x0000021d371afb00, 0x0000021d371ae6c0,
0x0000021d371acd70, 0x0000021d371ae1b0, 0x0000021d371ad790, 0x0000021d2ecdd6c0,
0x0000021d2ecddbd0, 0x0000021d37efa6b0, 0x0000021d37ef7e30, 0x0000021d37efabc0,
0x0000021d37efa1a0, 0x0000021d37efb0d0, 0x0000021d37efb5e0, 0x0000021d37ef8340,
0x0000021d37ef8850, 0x0000021d37ef8d60, 0x0000021d37ef9270, 0x0000021d371aebd0,
0x0000021d371b0520, 0x0000021d371af0e0, 0x0000021d371af5f0, 0x0000021d3c5413f0,
0x0000021d3735c6e0, 0x0000021d34b8c820, 0x0000021d2b834470, 0x0000021d3735bcc0,
0x0000021d37ef9780, 0x0000021d3735cbf0, 0x0000021d2b834e90, 0x0000021d2b833540,
0x0000021d2b8353a0, 0x0000021d2b8358b0, 0x0000021d2b837200, 0x0000021d2b835dc0,
0x0000021d2b8367e0, 0x0000021d2b836cf0, 0x0000021d34b8a9c0, 0x0000021d36caf0c0,
0x0000021d36cad770, 0x0000021d3c541e10, 0x0000021d35849d10, 0x0000021d2e835690,
0x0000021d35cf2bf0, 0x0000021d36cac840, 0x0000021d36caf5d0, 0x0000021d37ef9c90,
0x0000021d35cf4540, 0x0000021d36cadc80, 0x0000021d2c8ca400, 0x0000021d35cf17b0,
0x0000021d35cf3b20, 0x0000021d36cabe20, 0x0000021d37dd2380
}

Java Threads: ( => current thread )
  0x0000021d6a8535c0 JavaThread "main" [_thread_blocked, id=8516, stack(0x00000069fc900000,0x00000069fca00000)]
  0x0000021d798a8750 JavaThread "Reference Handler" daemon [_thread_blocked, id=3800, stack(0x00000069fd000000,0x00000069fd100000)]
  0x0000021d798a8e30 JavaThread "Finalizer" daemon [_thread_blocked, id=9260, stack(0x00000069fd100000,0x00000069fd200000)]
  0x0000021d798c5d30 JavaThread "Signal Dispatcher" daemon [_thread_blocked, id=6640, stack(0x00000069fd200000,0x00000069fd300000)]
  0x0000021d798c6210 JavaThread "Attach Listener" daemon [_thread_blocked, id=1556, stack(0x00000069fd300000,0x00000069fd400000)]
  0x0000021d798c66f0 JavaThread "Service Thread" daemon [_thread_blocked, id=13704, stack(0x00000069fd400000,0x00000069fd500000)]
  0x0000021d798ccff0 JavaThread "Monitor Deflation Thread" daemon [_thread_blocked, id=12872, stack(0x00000069fd500000,0x00000069fd600000)]
  0x0000021d798ce810 JavaThread "C2 CompilerThread0" daemon [_thread_blocked, id=17988, stack(0x00000069fd600000,0x00000069fd700000)]
  0x0000021d798ced30 JavaThread "C1 CompilerThread0" daemon [_thread_blocked, id=18452, stack(0x00000069fd700000,0x00000069fd800000)]
  0x0000021d798d3270 JavaThread "Sweeper thread" daemon [_thread_blocked, id=9484, stack(0x00000069fd800000,0x00000069fd900000)]
  0x0000021d7991ea60 JavaThread "Common-Cleaner" daemon [_thread_blocked, id=18772, stack(0x00000069fd900000,0x00000069fda00000)]
  0x0000021d79c604a0 JavaThread "Notification Thread" daemon [_thread_blocked, id=11528, stack(0x00000069fda00000,0x00000069fdb00000)]
  0x0000021d7f7b0ac0 JavaThread "Daemon health stats" [_thread_blocked, id=11400, stack(0x00000069fdc00000,0x00000069fdd00000)]
  0x0000021d7f735000 JavaThread "Incoming local TCP Connector on port 61993" [_thread_in_native, id=3844, stack(0x00000069fe300000,0x00000069fe400000)]
  0x0000021d7f7c4f50 JavaThread "Daemon periodic checks" [_thread_blocked, id=16448, stack(0x00000069fe400000,0x00000069fe500000)]
  0x0000021d2a370090 JavaThread "Cache worker for journal cache (C:\Users\USER\.gradle\caches\journal-1)" [_thread_blocked, id=17480, stack(0x00000069fec00000,0x00000069fed00000)]
  0x0000021d2a372910 JavaThread "File lock request listener" [_thread_in_native, id=6496, stack(0x00000069fed00000,0x00000069fee00000)]
  0x0000021d2a373840 JavaThread "Cache worker for file hash cache (C:\Users\USER\.gradle\caches\8.14.3\fileHashes)" [_thread_blocked, id=8492, stack(0x00000069fee00000,0x00000069fef00000)]
  0x0000021d2a373330 JavaThread "File watcher server" daemon [_thread_blocked, id=5924, stack(0x00000069ff300000,0x00000069ff400000)]
  0x0000021d2bc9f990 JavaThread "File watcher consumer" daemon [_thread_blocked, id=5368, stack(0x00000069ff400000,0x00000069ff500000)]
  0x0000021d2bca0dd0 JavaThread "jar transforms" [_thread_blocked, id=712, stack(0x00000069ff500000,0x00000069ff600000)]
  0x0000021d2bca12e0 JavaThread "Cache worker for file content cache (C:\Users\USER\.gradle\caches\8.14.3\fileContent)" [_thread_blocked, id=12764, stack(0x00000069ff700000,0x00000069ff800000)]
  0x0000021d2c5df0e0 JavaThread "Memory manager" [_thread_blocked, id=13532, stack(0x0000006981100000,0x0000006981200000)]
  0x0000021d2b833f60 JavaThread "jar transforms Thread 2" [_thread_blocked, id=11572, stack(0x0000006984700000,0x0000006984800000)]
  0x0000021d2b837c20 JavaThread "jar transforms Thread 3" [_thread_blocked, id=17528, stack(0x0000006981300000,0x0000006981400000)]
  0x0000021d2b83a4a0 JavaThread "jar transforms Thread 4" [_thread_blocked, id=13684, stack(0x0000006984f00000,0x0000006985000000)]
  0x0000021d2b83a9b0 JavaThread "jar transforms Thread 5" [_thread_blocked, id=14372, stack(0x0000006985000000,0x0000006985100000)]
  0x0000021d2c5debd0 JavaThread "jar transforms Thread 6" [_thread_blocked, id=3588, stack(0x0000006985100000,0x0000006985200000)]
  0x0000021d2c5e1e70 JavaThread "ForkJoinPool.commonPool-worker-7" daemon [_thread_blocked, id=7652, stack(0x0000006982100000,0x0000006982200000)]
  0x0000021d2c5e2380 JavaThread "ForkJoinPool.commonPool-worker-8" daemon [_thread_blocked, id=11540, stack(0x0000006982200000,0x0000006982300000)]
  0x0000021d2c5e0a30 JavaThread "ForkJoinPool.commonPool-worker-9" daemon [_thread_blocked, id=5136, stack(0x0000006982300000,0x0000006982400000)]
  0x0000021d2c5e4c00 JavaThread "ForkJoinPool.commonPool-worker-10" daemon [_thread_blocked, id=13516, stack(0x0000006982400000,0x0000006982500000)]
  0x0000021d3506bc20 JavaThread "Cache worker for Java compile cache (C:\Users\USER\.gradle\caches\8.14.3\javaCompile)" [_thread_blocked, id=14072, stack(0x0000006986900000,0x0000006986a00000)]
  0x0000021d3557acb0 JavaThread "Daemon Thread 3" [_thread_blocked, id=6692, stack(0x0000006980000000,0x0000006980100000)]
  0x0000021d35849800 JavaThread "Daemon worker Thread 3" [_thread_blocked, id=6964, stack(0x0000006980300000,0x0000006980400000)]
  0x0000021d2ecdd1b0 JavaThread "ForkJoinPool.commonPool-worker-11" daemon [_thread_blocked, id=16784, stack(0x0000006982000000,0x0000006982100000)]
  0x0000021d79ae3320 JavaThread "Exec process Thread 7" [_thread_in_native, id=7020, stack(0x0000006986200000,0x0000006986300000)]
  0x0000021d371b0010 JavaThread "Exec process Thread 8" [_thread_in_native, id=10140, stack(0x0000006986300000,0x0000006986400000)]
  0x0000021d371ad280 JavaThread "Exec process Thread 9" [_thread_in_native, id=12920, stack(0x0000006986400000,0x0000006986500000)]
  0x0000021d34dde120 JavaThread "Handler for socket connection from /127.0.0.1:61993 to /127.0.0.1:56035" [_thread_in_native, id=12904, stack(0x0000006980200000,0x0000006980300000)]
  0x0000021d34dde630 JavaThread "Cancel handler" [_thread_blocked, id=18920, stack(0x0000006980500000,0x0000006980600000)]
  0x0000021d2c906fe0 JavaThread "Asynchronous log dispatcher for DefaultDaemonConnection: socket connection from /127.0.0.1:61993 to /127.0.0.1:56035" [_thread_blocked, id=5092, stack(0x0000006980600000,0x0000006980700000)]
  0x0000021d2c9074f0 JavaThread "Stdin handler" [_thread_blocked, id=17884, stack(0x0000006980700000,0x0000006980800000)]
  0x0000021d2ecde0e0 JavaThread "Daemon client event forwarder" [_thread_blocked, id=9700, stack(0x0000006980800000,0x0000006980900000)]
  0x0000021d2ecde5f0 JavaThread "Cache worker for file hash cache (D:\DEV\Django\MAD\MyApp\android\.gradle\8.14.3\fileHashes)" [_thread_blocked, id=10184, stack(0x0000006980900000,0x0000006980a00000)]
  0x0000021d2ecdeb00 JavaThread "Cache worker for Build Output Cleanup Cache (D:\DEV\Django\MAD\MyApp\android\.gradle\buildOutputCleanup)" [_thread_blocked, id=9876, stack(0x0000006980a00000,0x0000006980b00000)]
  0x0000021d349dbae0 JavaThread "Cache worker for checksums cache (D:\DEV\Django\MAD\MyApp\android\.gradle\8.14.3\checksums)" [_thread_blocked, id=10504, stack(0x0000006980b00000,0x0000006980c00000)]
  0x0000021d349dabb0 JavaThread "Cache worker for cache directory md-supplier (C:\Users\USER\.gradle\caches\8.14.3\md-supplier)" [_thread_blocked, id=3760, stack(0x0000006980c00000,0x0000006980d00000)]
  0x0000021d349db0c0 JavaThread "Cache worker for cache directory md-rule (C:\Users\USER\.gradle\caches\8.14.3\md-rule)" [_thread_blocked, id=15824, stack(0x0000006980d00000,0x0000006980e00000)]
  0x0000021d349dd430 JavaThread "Cache worker for Build Output Cleanup Cache (D:\DEV\Django\MAD\MyApp\node_modules\@react-native\gradle-plugin\.gradle\buildOutputCleanup)" [_thread_blocked, id=14240, stack(0x0000006980e00000,0x0000006980f00000)]
  0x0000021d349db5d0 JavaThread "Unconstrained build operations" [_thread_blocked, id=14108, stack(0x0000006980f00000,0x0000006981000000)]
  0x0000021d349dc500 JavaThread "Unconstrained build operations Thread 2" [_thread_blocked, id=15940, stack(0x0000006981000000,0x0000006981100000)]
  0x0000021d349dd940 JavaThread "Unconstrained build operations Thread 3" [_thread_blocked, id=16536, stack(0x0000006981200000,0x0000006981300000)]
  0x0000021d79adec40 JavaThread "Unconstrained build operations Thread 4" [_thread_blocked, id=13500, stack(0x0000006981400000,0x0000006981500000)]
  0x0000021d349da6a0 JavaThread "Unconstrained build operations Thread 5" [_thread_blocked, id=19248, stack(0x0000006981500000,0x0000006981600000)]
  0x0000021d349dca10 JavaThread "Unconstrained build operations Thread 6" [_thread_blocked, id=4120, stack(0x0000006981600000,0x0000006981700000)]
  0x0000021d349dcf20 JavaThread "Unconstrained build operations Thread 7" [_thread_blocked, id=15608, stack(0x0000006981700000,0x0000006981800000)]
  0x0000021d349da190 JavaThread "Unconstrained build operations Thread 8" [_thread_blocked, id=3216, stack(0x0000006981800000,0x0000006981900000)]
  0x0000021d371adca0 JavaThread "Unconstrained build operations Thread 9" [_thread_blocked, id=15596, stack(0x0000006981900000,0x0000006981a00000)]
  0x0000021d79adf150 JavaThread "Unconstrained build operations Thread 10" [_thread_blocked, id=5076, stack(0x0000006981a00000,0x0000006981b00000)]
  0x0000021d79add800 JavaThread "Unconstrained build operations Thread 11" [_thread_blocked, id=13860, stack(0x0000006981b00000,0x0000006981c00000)]
  0x0000021d79ae14c0 JavaThread "Unconstrained build operations Thread 12" [_thread_blocked, id=15068, stack(0x0000006981c00000,0x0000006981d00000)]
  0x0000021d79addd10 JavaThread "Unconstrained build operations Thread 13" [_thread_blocked, id=8468, stack(0x0000006981d00000,0x0000006981e00000)]
  0x0000021d79adfb70 JavaThread "Unconstrained build operations Thread 14" [_thread_blocked, id=6236, stack(0x0000006981e00000,0x0000006981f00000)]
  0x0000021d79ae19d0 JavaThread "build event listener" [_thread_blocked, id=10044, stack(0x0000006982600000,0x0000006982700000)]
  0x0000021d79ade220 JavaThread "included builds" [_thread_blocked, id=16684, stack(0x0000006982700000,0x0000006982800000)]
  0x0000021d34ddd1f0 JavaThread "Execution worker" [_thread_blocked, id=7920, stack(0x0000006982800000,0x0000006982900000)]
  0x0000021d34ddeb40 JavaThread "Execution worker Thread 2" [_thread_blocked, id=11588, stack(0x0000006982900000,0x0000006982a00000)]
  0x0000021d34ddb390 JavaThread "Execution worker Thread 3" [_thread_blocked, id=3252, stack(0x0000006982a00000,0x0000006982b00000)]
  0x0000021d34ddbdb0 JavaThread "Execution worker Thread 4" [_thread_blocked, id=17344, stack(0x0000006982b00000,0x0000006982c00000)]
  0x0000021d3557b1c0 JavaThread "Execution worker Thread 5" [_thread_blocked, id=13548, stack(0x0000006982c00000,0x0000006982d00000)]
  0x0000021d79ae2e10 JavaThread "Cache worker for execution history cache (D:\DEV\Django\MAD\MyApp\node_modules\@react-native\gradle-plugin\.gradle\8.14.3\executionHistory)" [_thread_blocked, id=13004, stack(0x0000006982d00000,0x0000006982e00000)]
  0x0000021d2c906ad0 JavaThread "Unconstrained build operations Thread 15" [_thread_blocked, id=18296, stack(0x0000006982e00000,0x0000006982f00000)]
  0x0000021d2c907a00 JavaThread "Unconstrained build operations Thread 16" [_thread_blocked, id=15420, stack(0x0000006982f00000,0x0000006983000000)]
  0x0000021d2c9060b0 JavaThread "Unconstrained build operations Thread 17" [_thread_blocked, id=5928, stack(0x0000006983000000,0x0000006983100000)]
  0x0000021d34b8d750 JavaThread "Unconstrained build operations Thread 18" [_thread_blocked, id=13400, stack(0x0000006983100000,0x0000006983200000)]
  0x0000021d34b8be00 JavaThread "Unconstrained build operations Thread 19" [_thread_blocked, id=13600, stack(0x0000006983200000,0x0000006983300000)]
  0x0000021d3584a220 JavaThread "Unconstrained build operations Thread 20" [_thread_blocked, id=2496, stack(0x0000006983300000,0x0000006983400000)]
  0x0000021d3735e030 JavaThread "Unconstrained build operations Thread 21" [_thread_blocked, id=13212, stack(0x0000006983400000,0x0000006983500000)]
  0x0000021d3735d610 JavaThread "Unconstrained build operations Thread 22" [_thread_blocked, id=7332, stack(0x0000006983500000,0x0000006983600000)]
  0x0000021d3735b7b0 JavaThread "Unconstrained build operations Thread 23" [_thread_blocked, id=5464, stack(0x0000006983600000,0x0000006983700000)]
  0x0000021d3735d100 JavaThread "Unconstrained build operations Thread 24" [_thread_blocked, id=5472, stack(0x0000006983700000,0x0000006983800000)]
  0x0000021d3735c1d0 JavaThread "Unconstrained build operations Thread 25" [_thread_blocked, id=13676, stack(0x0000006983800000,0x0000006983900000)]
  0x0000021d79ae5180 JavaThread "Unconstrained build operations Thread 26" [_thread_blocked, id=9460, stack(0x0000006983900000,0x0000006983a00000)]
  0x0000021d79ae23f0 JavaThread "Unconstrained build operations Thread 27" [_thread_blocked, id=11160, stack(0x0000006983a00000,0x0000006983b00000)]
  0x0000021d79ae1ee0 JavaThread "Unconstrained build operations Thread 28" [_thread_blocked, id=15220, stack(0x0000006983b00000,0x0000006983c00000)]
  0x0000021d79ae2900 JavaThread "Unconstrained build operations Thread 29" [_thread_blocked, id=11704, stack(0x0000006983c00000,0x0000006983d00000)]
  0x0000021d79ae3830 JavaThread "Unconstrained build operations Thread 30" [_thread_blocked, id=17084, stack(0x0000006983d00000,0x0000006983e00000)]
  0x0000021d79ae3d40 JavaThread "Unconstrained build operations Thread 31" [_thread_blocked, id=7060, stack(0x0000006983e00000,0x0000006983f00000)]
  0x0000021d79ae4250 JavaThread "Unconstrained build operations Thread 32" [_thread_blocked, id=11208, stack(0x0000006983f00000,0x0000006984000000)]
  0x0000021d79ae4760 JavaThread "Unconstrained build operations Thread 33" [_thread_blocked, id=12660, stack(0x0000006984000000,0x0000006984100000)]
  0x0000021d2b8362d0 JavaThread "Unconstrained build operations Thread 34" [_thread_blocked, id=7364, stack(0x0000006984100000,0x0000006984200000)]
  0x0000021d2b833030 JavaThread "Unconstrained build operations Thread 35" [_thread_blocked, id=4332, stack(0x0000006984200000,0x0000006984300000)]
  0x0000021d34b8dc60 JavaThread "Unconstrained build operations Thread 36" [_thread_blocked, id=232, stack(0x0000006984300000,0x0000006984400000)]
  0x0000021d34b8b8f0 JavaThread "Unconstrained build operations Thread 37" [_thread_blocked, id=7532, stack(0x0000006984400000,0x0000006984500000)]
  0x0000021d34b8e170 JavaThread "Unconstrained build operations Thread 38" [_thread_blocked, id=16180, stack(0x0000006984500000,0x0000006984600000)]
  0x0000021d34b8c310 JavaThread "Unconstrained build operations Thread 39" [_thread_blocked, id=14244, stack(0x0000006984600000,0x0000006984700000)]
  0x0000021d34b8b3e0 JavaThread "Unconstrained build operations Thread 40" [_thread_blocked, id=15124, stack(0x0000006984800000,0x0000006984900000)]
  0x0000021d371afb00 JavaThread "Unconstrained build operations Thread 41" [_thread_blocked, id=15320, stack(0x0000006984900000,0x0000006984a00000)]
  0x0000021d371ae6c0 JavaThread "Unconstrained build operations Thread 42" [_thread_blocked, id=1444, stack(0x0000006984a00000,0x0000006984b00000)]
  0x0000021d371acd70 JavaThread "Unconstrained build operations Thread 43" [_thread_blocked, id=14304, stack(0x0000006984b00000,0x0000006984c00000)]
  0x0000021d371ae1b0 JavaThread "Unconstrained build operations Thread 44" [_thread_blocked, id=12936, stack(0x0000006984c00000,0x0000006984d00000)]
  0x0000021d371ad790 JavaThread "Unconstrained build operations Thread 45" [_thread_blocked, id=14608, stack(0x0000006984d00000,0x0000006984e00000)]
  0x0000021d2ecdd6c0 JavaThread "Unconstrained build operations Thread 46" [_thread_blocked, id=312, stack(0x0000006984e00000,0x0000006984f00000)]
  0x0000021d2ecddbd0 JavaThread "Unconstrained build operations Thread 47" [_thread_blocked, id=2888, stack(0x0000006985200000,0x0000006985300000)]
  0x0000021d37efa6b0 JavaThread "Unconstrained build operations Thread 48" [_thread_blocked, id=8840, stack(0x0000006985300000,0x0000006985400000)]
  0x0000021d37ef7e30 JavaThread "Unconstrained build operations Thread 49" [_thread_blocked, id=15968, stack(0x0000006985400000,0x0000006985500000)]
  0x0000021d37efabc0 JavaThread "Unconstrained build operations Thread 50" [_thread_blocked, id=11660, stack(0x0000006985500000,0x0000006985600000)]
  0x0000021d37efa1a0 JavaThread "build event listener" [_thread_blocked, id=4412, stack(0x0000006985600000,0x0000006985700000)]
  0x0000021d37efb0d0 JavaThread "Problems report writer" [_thread_blocked, id=12560, stack(0x0000006985700000,0x0000006985800000)]
  0x0000021d37efb5e0 JavaThread "Unconstrained build operations Thread 51" [_thread_blocked, id=19148, stack(0x0000006985800000,0x0000006985900000)]
  0x0000021d37ef8340 JavaThread "Unconstrained build operations Thread 52" [_thread_blocked, id=13244, stack(0x0000006985900000,0x0000006985a00000)]
  0x0000021d37ef8850 JavaThread "Unconstrained build operations Thread 53" [_thread_blocked, id=8240, stack(0x0000006985a00000,0x0000006985b00000)]
  0x0000021d37ef8d60 JavaThread "Unconstrained build operations Thread 54" [_thread_blocked, id=15660, stack(0x0000006985b00000,0x0000006985c00000)]
  0x0000021d37ef9270 JavaThread "Unconstrained build operations Thread 55" [_thread_blocked, id=10888, stack(0x0000006985c00000,0x0000006985d00000)]
  0x0000021d371aebd0 JavaThread "Unconstrained build operations Thread 56" [_thread_blocked, id=12048, stack(0x0000006985d00000,0x0000006985e00000)]
  0x0000021d371b0520 JavaThread "Unconstrained build operations Thread 57" [_thread_blocked, id=18884, stack(0x0000006985e00000,0x0000006985f00000)]
  0x0000021d371af0e0 JavaThread "Unconstrained build operations Thread 58" [_thread_blocked, id=4572, stack(0x0000006985f00000,0x0000006986000000)]
  0x0000021d371af5f0 JavaThread "Unconstrained build operations Thread 59" [_thread_blocked, id=18288, stack(0x0000006986100000,0x0000006986200000)]
  0x0000021d3c5413f0 JavaThread "Unconstrained build operations Thread 60" [_thread_blocked, id=8708, stack(0x0000006986500000,0x0000006986600000)]
  0x0000021d3735c6e0 JavaThread "Cache worker for execution history cache (D:\DEV\Django\MAD\MyApp\android\.gradle\8.14.3\executionHistory)" [_thread_blocked, id=1192, stack(0x0000006986600000,0x0000006986700000)]
  0x0000021d34b8c820 JavaThread "WorkerExecutor Queue Thread 2" [_thread_in_native, id=8208, stack(0x0000006986700000,0x0000006986800000)]
  0x0000021d2b834470 JavaThread "WorkerExecutor Queue Thread 3" [_thread_blocked, id=1992, stack(0x0000006986800000,0x0000006986900000)]
  0x0000021d3735bcc0 JavaThread "WorkerExecutor Queue Thread 5" [_thread_in_native, id=16208, stack(0x0000006986b00000,0x0000006986c00000)]
  0x0000021d37ef9780 JavaThread "WorkerExecutor Queue Thread 6" [_thread_blocked, id=10384, stack(0x0000006986c00000,0x0000006986d00000)]
  0x0000021d3735cbf0 JavaThread "WorkerExecutor Queue Thread 7" [_thread_blocked, id=10872, stack(0x0000006986e00000,0x0000006986f00000)]
  0x0000021d2b834e90 JavaThread "pool-9-thread-1" [_thread_blocked, id=13020, stack(0x0000006986d00000,0x0000006986e00000)]
  0x0000021d2b833540 JavaThread "stderr" [_thread_in_native, id=2960, stack(0x0000006986f00000,0x0000006987000000)]
  0x0000021d2b8353a0 JavaThread "stdout" [_thread_in_native, id=15196, stack(0x0000006987000000,0x0000006987100000)]
  0x0000021d2b8358b0 JavaThread "Build operations" [_thread_blocked, id=13740, stack(0x0000006987200000,0x0000006987300000)]
  0x0000021d2b837200 JavaThread "Build operations Thread 2" [_thread_blocked, id=16752, stack(0x0000006987300000,0x0000006987400000)]
  0x0000021d2b835dc0 JavaThread "Build operations Thread 3" [_thread_blocked, id=12540, stack(0x0000006987400000,0x0000006987500000)]
  0x0000021d2b8367e0 JavaThread "Build operations Thread 4" [_thread_blocked, id=7304, stack(0x0000006987500000,0x0000006987600000)]
  0x0000021d2b836cf0 JavaThread "Build operations Thread 5" [_thread_blocked, id=13240, stack(0x0000006987600000,0x0000006987700000)]
  0x0000021d34b8a9c0 JavaThread "RMI Scheduler(0)" daemon [_thread_blocked, id=14076, stack(0x0000006981f00000,0x0000006982000000)]
  0x0000021d36caf0c0 JavaThread "RMI RenewClean-[127.0.0.1:17549,org.jetbrains.kotlin.daemon.common.LoopbackNetworkInterface$ClientLoopbackSocketFactory@164c736f]" daemon [_thread_blocked, id=9584, stack(0x0000006987100000,0x0000006987200000)]
  0x0000021d36cad770 JavaThread "RMI GC Daemon" daemon [_thread_blocked, id=10180, stack(0x0000006987700000,0x0000006987800000)]
  0x0000021d3c541e10 JavaThread "RMI RenewClean-[127.0.0.1:17549,org.jetbrains.kotlin.daemon.common.LoopbackNetworkInterface$ClientLoopbackSocketFactory@4eddc372]" daemon [_thread_blocked, id=17260, stack(0x0000006987900000,0x0000006987a00000)]
  0x0000021d35849d10 JavaThread "RMI TCP Accept-0" daemon [_thread_in_native, id=12260, stack(0x0000006987a00000,0x0000006987b00000)]
  0x0000021d2e835690 JavaThread "RMI Reaper" [_thread_blocked, id=9612, stack(0x0000006987b00000,0x0000006987c00000)]
  0x0000021d35cf2bf0 JavaThread "RMI TCP Connection(idle)" daemon [_thread_blocked, id=11444, stack(0x0000006987c00000,0x0000006987d00000)]
  0x0000021d36cac840 JavaThread "RMI TCP Connection(idle)" daemon [_thread_blocked, id=2400, stack(0x0000006987d00000,0x0000006987e00000)]
  0x0000021d36caf5d0 JavaThread "Build operations Thread 6" [_thread_blocked, id=17072, stack(0x0000006987e00000,0x0000006987f00000)]
  0x0000021d37ef9c90 JavaThread "WorkerExecutor Queue Thread 9" [_thread_blocked, id=736, stack(0x0000006986a00000,0x0000006986b00000)]
  0x0000021d35cf4540 JavaThread "ForkJoinPool-1-worker-1" daemon [_thread_blocked, id=6972, stack(0x0000006980400000,0x0000006980500000)]
  0x0000021d36cadc80 JavaThread "ForkJoinPool-1-worker-2" daemon [_thread_blocked, id=7200, stack(0x0000006982500000,0x0000006982600000)]
  0x0000021d2c8ca400 JavaThread "ForkJoinPool-1-worker-3" daemon [_thread_blocked, id=14444, stack(0x0000006987800000,0x0000006987900000)]
  0x0000021d35cf17b0 JavaThread "ForkJoinPool-1-worker-4" daemon [_thread_blocked, id=15592, stack(0x0000006987f00000,0x0000006988000000)]
  0x0000021d35cf3b20 JavaThread "ForkJoinPool-1-worker-5" daemon [_thread_blocked, id=13016, stack(0x0000006988000000,0x0000006988100000)]
  0x0000021d36cabe20 JavaThread "ForkJoinPool-1-worker-6" daemon [_thread_blocked, id=4648, stack(0x0000006988100000,0x0000006988200000)]
  0x0000021d37dd2380 JavaThread "C2 CompilerThread1" daemon [_thread_blocked, id=6476, stack(0x0000006988200000,0x0000006988300000)]

Other Threads:
=>0x0000021d798a1640 VMThread "VM Thread" [stack: 0x00000069fcf00000,0x00000069fd000000] [id=15172]
  0x0000021d6a854350 WatcherThread [stack: 0x00000069fdb00000,0x00000069fdc00000] [id=15452]
  0x0000021d6a8b0af0 GCTaskThread "GC Thread#0" [stack: 0x00000069fca00000,0x00000069fcb00000] [id=14688]
  0x0000021d79c92ad0 GCTaskThread "GC Thread#1" [stack: 0x00000069fdd00000,0x00000069fde00000] [id=10396]
  0x0000021d7e19d260 GCTaskThread "GC Thread#2" [stack: 0x00000069fde00000,0x00000069fdf00000] [id=11984]
  0x0000021d7e97a580 GCTaskThread "GC Thread#3" [stack: 0x00000069fdf00000,0x00000069fe000000] [id=13852]
  0x0000021d7eb26d80 GCTaskThread "GC Thread#4" [stack: 0x00000069fe000000,0x00000069fe100000] [id=684]
  0x0000021d7f712210 GCTaskThread "GC Thread#5" [stack: 0x00000069fe200000,0x00000069fe300000] [id=7496]
  0x0000021d6a8c1ab0 ConcurrentGCThread "G1 Main Marker" [stack: 0x00000069fcb00000,0x00000069fcc00000] [id=10928]
  0x0000021d6a8c45a0 ConcurrentGCThread "G1 Conc#0" [stack: 0x00000069fcc00000,0x00000069fcd00000] [id=11428]
  0x0000021d2a5a0270 ConcurrentGCThread "G1 Conc#1" [stack: 0x00000069ff200000,0x00000069ff300000] [id=18492]
  0x0000021d6a8fe500 ConcurrentGCThread "G1 Refine#0" [stack: 0x00000069fcd00000,0x00000069fce00000] [id=16780]
  0x0000021d7ea5c700 ConcurrentGCThread "G1 Refine#1" [stack: 0x00000069fe100000,0x00000069fe200000] [id=9476]
  0x0000021d6a8fe8f0 ConcurrentGCThread "G1 Service" [stack: 0x00000069fce00000,0x00000069fcf00000] [id=15760]

Threads with active compile tasks:
C2 CompilerThread0   601694 40972       4       com.android.tools.r8.internal.Yt0::a (34 bytes)
C2 CompilerThread1   601694 40974       4       com.android.tools.r8.internal.Yt0::a (136 bytes)

VM state: at safepoint (normal execution)

VM Mutex/Monitor currently owned by a thread:  ([mutex/lock_event])
[0x0000021d6863b800] Threads_lock - owner thread: 0x0000021d798a1640
[0x0000021d6a853460] Heap_lock - owner thread: 0x0000021d37ef9780

Heap address: 0x0000000080000000, size: 2048 MB, Compressed Oops mode: 32-bit

CDS archive(s) mapped at: [0x0000021d0f000000-0x0000021d0fbb0000-0x0000021d0fbb0000), size 12255232, SharedBaseAddress: 0x0000021d0f000000, ArchiveRelocationMode: 1.
Compressed class space mapped at: 0x0000021d10000000-0x0000021d2a000000, reserved size: 436207616
Narrow klass base: 0x0000021d0f000000, Narrow klass shift: 0, Narrow klass range: 0x100000000

GC Precious Log:
 CPUs: 6 total, 6 available
 Memory: 7541M
 Large Page Support: Disabled
 NUMA Support: Disabled
 Compressed Oops: Enabled (32-bit)
 Heap Region Size: 1M
 Heap Min Capacity: 8M
 Heap Initial Capacity: 118M
 Heap Max Capacity: 2G
 Pre-touch: Disabled
 Parallel Workers: 6
 Concurrent Workers: 2
 Concurrent Refinement Workers: 6
 Periodic GC: Disabled

Heap:
 garbage-first heap   total 737280K, used 429568K [0x0000000080000000, 0x0000000100000000)
  region size 1024K, 23 young (23552K), 23 survivors (23552K)
 Metaspace       used 182812K, committed 184896K, reserved 622592K
  class space    used 24214K, committed 25216K, reserved 425984K

Heap Regions: E=young(eden), S=young(survivor), O=old, HS=humongous(starts), HC=humongous(continues), CS=collection set, F=free, OA=open archive, CA=closed archive, TAMS=top-at-mark-start (previous, next)
|   0|0x0000000080000000, 0x0000000080100000, 0x0000000080100000|100%|HS|  |TAMS 0x0000000080100000, 0x0000000080000000| Complete 
|   1|0x0000000080100000, 0x0000000080200000, 0x0000000080200000|100%|HC|  |TAMS 0x0000000080200000, 0x0000000080100000| Complete 
|   2|0x0000000080200000, 0x0000000080300000, 0x0000000080300000|100%|HC|  |TAMS 0x0000000080300000, 0x0000000080200000| Complete 
|   3|0x0000000080300000, 0x0000000080400000, 0x0000000080400000|100%| O|  |TAMS 0x0000000080400000, 0x0000000080300000| Untracked 
|   4|0x0000000080400000, 0x0000000080500000, 0x0000000080500000|100%| O|  |TAMS 0x0000000080500000, 0x0000000080400000| Untracked 
|   5|0x0000000080500000, 0x0000000080600000, 0x0000000080600000|100%| O|  |TAMS 0x0000000080600000, 0x0000000080500000| Untracked 
|   6|0x0000000080600000, 0x0000000080700000, 0x0000000080700000|100%| O|  |TAMS 0x0000000080700000, 0x0000000080600000| Untracked 
|   7|0x0000000080700000, 0x0000000080800000, 0x0000000080800000|100%|HS|  |TAMS 0x0000000080800000, 0x0000000080700000| Complete 
|   8|0x0000000080800000, 0x0000000080900000, 0x0000000080900000|100%| O|  |TAMS 0x0000000080900000, 0x0000000080800000| Untracked 
|   9|0x0000000080900000, 0x0000000080a00000, 0x0000000080a00000|100%| O|  |TAMS 0x0000000080a00000, 0x0000000080900000| Untracked 
|  10|0x0000000080a00000, 0x0000000080b00000, 0x0000000080b00000|100%| O|  |TAMS 0x0000000080b00000, 0x0000000080a00000| Untracked 
|  11|0x0000000080b00000, 0x0000000080c00000, 0x0000000080c00000|100%| O|  |TAMS 0x0000000080c00000, 0x0000000080b00000| Untracked 
|  12|0x0000000080c00000, 0x0000000080d00000, 0x0000000080d00000|100%| O|  |TAMS 0x0000000080d00000, 0x0000000080c00000| Untracked 
|  13|0x0000000080d00000, 0x0000000080e00000, 0x0000000080e00000|100%| O|  |TAMS 0x0000000080e00000, 0x0000000080d00000| Untracked 
|  14|0x0000000080e00000, 0x0000000080f00000, 0x0000000080f00000|100%| O|  |TAMS 0x0000000080f00000, 0x0000000080e00000| Untracked 
|  15|0x0000000080f00000, 0x0000000081000000, 0x0000000081000000|100%| O|  |TAMS 0x0000000081000000, 0x0000000080f00000| Untracked 
|  16|0x0000000081000000, 0x0000000081100000, 0x0000000081100000|100%| O|  |TAMS 0x0000000081100000, 0x0000000081000000| Untracked 
|  17|0x0000000081100000, 0x0000000081200000, 0x0000000081200000|100%| O|  |TAMS 0x0000000081200000, 0x0000000081100000| Untracked 
|  18|0x0000000081200000, 0x0000000081300000, 0x0000000081300000|100%| O|  |TAMS 0x0000000081300000, 0x0000000081200000| Untracked 
|  19|0x0000000081300000, 0x0000000081400000, 0x0000000081400000|100%| O|  |TAMS 0x0000000081400000, 0x0000000081300000| Untracked 
|  20|0x0000000081400000, 0x0000000081500000, 0x0000000081500000|100%| O|  |TAMS 0x0000000081500000, 0x0000000081400000| Untracked 
|  21|0x0000000081500000, 0x0000000081600000, 0x0000000081600000|100%| O|  |TAMS 0x0000000081600000, 0x0000000081500000| Untracked 
|  22|0x0000000081600000, 0x0000000081700000, 0x0000000081700000|100%| O|  |TAMS 0x0000000081700000, 0x0000000081600000| Untracked 
|  23|0x0000000081700000, 0x0000000081800000, 0x0000000081800000|100%| O|  |TAMS 0x0000000081800000, 0x0000000081700000| Untracked 
|  24|0x0000000081800000, 0x0000000081900000, 0x0000000081900000|100%| O|  |TAMS 0x0000000081900000, 0x0000000081800000| Untracked 
|  25|0x0000000081900000, 0x0000000081a00000, 0x0000000081a00000|100%| O|  |TAMS 0x0000000081a00000, 0x0000000081900000| Untracked 
|  26|0x0000000081a00000, 0x0000000081b00000, 0x0000000081b00000|100%| O|  |TAMS 0x0000000081b00000, 0x0000000081a00000| Untracked 
|  27|0x0000000081b00000, 0x0000000081c00000, 0x0000000081c00000|100%| O|  |TAMS 0x0000000081c00000, 0x0000000081b00000| Untracked 
|  28|0x0000000081c00000, 0x0000000081d00000, 0x0000000081d00000|100%| O|  |TAMS 0x0000000081d00000, 0x0000000081c00000| Untracked 
|  29|0x0000000081d00000, 0x0000000081e00000, 0x0000000081e00000|100%| O|  |TAMS 0x0000000081e00000, 0x0000000081d00000| Untracked 
|  30|0x0000000081e00000, 0x0000000081f00000, 0x0000000081f00000|100%| O|  |TAMS 0x0000000081f00000, 0x0000000081e00000| Untracked 
|  31|0x0000000081f00000, 0x0000000082000000, 0x0000000082000000|100%| O|  |TAMS 0x0000000082000000, 0x0000000081f00000| Untracked 
|  32|0x0000000082000000, 0x0000000082100000, 0x0000000082100000|100%| O|  |TAMS 0x0000000082100000, 0x0000000082000000| Untracked 
|  33|0x0000000082100000, 0x0000000082200000, 0x0000000082200000|100%| O|  |TAMS 0x0000000082200000, 0x0000000082100000| Untracked 
|  34|0x0000000082200000, 0x0000000082300000, 0x0000000082300000|100%| O|  |TAMS 0x0000000082300000, 0x0000000082200000| Untracked 
|  35|0x0000000082300000, 0x0000000082400000, 0x0000000082400000|100%| O|  |TAMS 0x0000000082400000, 0x0000000082300000| Untracked 
|  36|0x0000000082400000, 0x0000000082500000, 0x0000000082500000|100%| O|  |TAMS 0x0000000082500000, 0x0000000082400000| Untracked 
|  37|0x0000000082500000, 0x0000000082600000, 0x0000000082600000|100%| O|  |TAMS 0x0000000082600000, 0x0000000082500000| Untracked 
|  38|0x0000000082600000, 0x0000000082700000, 0x0000000082700000|100%| O|  |TAMS 0x0000000082700000, 0x0000000082600000| Untracked 
|  39|0x0000000082700000, 0x0000000082800000, 0x0000000082800000|100%| O|  |TAMS 0x0000000082800000, 0x0000000082700000| Untracked 
|  40|0x0000000082800000, 0x0000000082900000, 0x0000000082900000|100%|HS|  |TAMS 0x0000000082900000, 0x0000000082800000| Complete 
|  41|0x0000000082900000, 0x0000000082a00000, 0x0000000082a00000|100%|HC|  |TAMS 0x0000000082a00000, 0x0000000082900000| Complete 
|  42|0x0000000082a00000, 0x0000000082b00000, 0x0000000082b00000|100%|HC|  |TAMS 0x0000000082b00000, 0x0000000082a00000| Complete 
|  43|0x0000000082b00000, 0x0000000082c00000, 0x0000000082c00000|100%|HS|  |TAMS 0x0000000082c00000, 0x0000000082b00000| Complete 
|  44|0x0000000082c00000, 0x0000000082d00000, 0x0000000082d00000|100%|HC|  |TAMS 0x0000000082d00000, 0x0000000082c00000| Complete 
|  45|0x0000000082d00000, 0x0000000082e00000, 0x0000000082e00000|100%|HC|  |TAMS 0x0000000082e00000, 0x0000000082d00000| Complete 
|  46|0x0000000082e00000, 0x0000000082f00000, 0x0000000082f00000|100%| O|  |TAMS 0x0000000082f00000, 0x0000000082e00000| Untracked 
|  47|0x0000000082f00000, 0x0000000083000000, 0x0000000083000000|100%| O|  |TAMS 0x0000000083000000, 0x0000000082f00000| Untracked 
|  48|0x0000000083000000, 0x0000000083100000, 0x0000000083100000|100%| O|  |TAMS 0x0000000083100000, 0x0000000083000000| Untracked 
|  49|0x0000000083100000, 0x0000000083200000, 0x0000000083200000|100%| O|  |TAMS 0x0000000083200000, 0x0000000083100000| Untracked 
|  50|0x0000000083200000, 0x0000000083300000, 0x0000000083300000|100%| O|  |TAMS 0x0000000083300000, 0x0000000083200000| Untracked 
|  51|0x0000000083300000, 0x0000000083400000, 0x0000000083400000|100%|HS|  |TAMS 0x0000000083400000, 0x0000000083300000| Complete 
|  52|0x0000000083400000, 0x0000000083500000, 0x0000000083500000|100%| O|  |TAMS 0x0000000083500000, 0x0000000083400000| Untracked 
|  53|0x0000000083500000, 0x0000000083600000, 0x0000000083600000|100%| O|  |TAMS 0x0000000083600000, 0x0000000083500000| Untracked 
|  54|0x0000000083600000, 0x0000000083700000, 0x0000000083700000|100%| O|  |TAMS 0x0000000083700000, 0x0000000083600000| Untracked 
|  55|0x0000000083700000, 0x0000000083800000, 0x0000000083800000|100%| O|  |TAMS 0x0000000083800000, 0x0000000083700000| Untracked 
|  56|0x0000000083800000, 0x0000000083900000, 0x0000000083900000|100%| O|  |TAMS 0x0000000083900000, 0x0000000083800000| Untracked 
|  57|0x0000000083900000, 0x0000000083a00000, 0x0000000083a00000|100%| O|  |TAMS 0x0000000083a00000, 0x0000000083900000| Untracked 
|  58|0x0000000083a00000, 0x0000000083b00000, 0x0000000083b00000|100%| O|  |TAMS 0x0000000083b00000, 0x0000000083a00000| Untracked 
|  59|0x0000000083b00000, 0x0000000083c00000, 0x0000000083c00000|100%| O|  |TAMS 0x0000000083c00000, 0x0000000083b00000| Untracked 
|  60|0x0000000083c00000, 0x0000000083d00000, 0x0000000083d00000|100%| O|  |TAMS 0x0000000083d00000, 0x0000000083c00000| Untracked 
|  61|0x0000000083d00000, 0x0000000083e00000, 0x0000000083e00000|100%| O|  |TAMS 0x0000000083e00000, 0x0000000083d00000| Untracked 
|  62|0x0000000083e00000, 0x0000000083f00000, 0x0000000083f00000|100%| O|  |TAMS 0x0000000083f00000, 0x0000000083e00000| Untracked 
|  63|0x0000000083f00000, 0x0000000084000000, 0x0000000084000000|100%| O|  |TAMS 0x0000000084000000, 0x0000000083f00000| Untracked 
|  64|0x0000000084000000, 0x0000000084100000, 0x0000000084100000|100%| O|  |TAMS 0x0000000084100000, 0x0000000084000000| Untracked 
|  65|0x0000000084100000, 0x0000000084200000, 0x0000000084200000|100%| O|  |TAMS 0x0000000084200000, 0x0000000084100000| Untracked 
|  66|0x0000000084200000, 0x0000000084300000, 0x0000000084300000|100%|HS|  |TAMS 0x0000000084300000, 0x0000000084200000| Complete 
|  67|0x0000000084300000, 0x0000000084400000, 0x0000000084400000|100%|HS|  |TAMS 0x0000000084400000, 0x0000000084300000| Complete 
|  68|0x0000000084400000, 0x0000000084500000, 0x0000000084500000|100%|HS|  |TAMS 0x0000000084500000, 0x0000000084400000| Complete 
|  69|0x0000000084500000, 0x0000000084600000, 0x0000000084600000|100%| O|  |TAMS 0x0000000084600000, 0x0000000084500000| Untracked 
|  70|0x0000000084600000, 0x0000000084700000, 0x0000000084700000|100%|HS|  |TAMS 0x0000000084700000, 0x0000000084600000| Complete 
|  71|0x0000000084700000, 0x0000000084800000, 0x0000000084800000|100%|HS|  |TAMS 0x0000000084800000, 0x0000000084700000| Complete 
|  72|0x0000000084800000, 0x0000000084900000, 0x0000000084900000|100%| O|  |TAMS 0x0000000084900000, 0x0000000084800000| Untracked 
|  73|0x0000000084900000, 0x0000000084a00000, 0x0000000084a00000|100%| O|  |TAMS 0x0000000084a00000, 0x0000000084900000| Untracked 
|  74|0x0000000084a00000, 0x0000000084b00000, 0x0000000084b00000|100%| O|  |TAMS 0x0000000084b00000, 0x0000000084a00000| Untracked 
|  75|0x0000000084b00000, 0x0000000084c00000, 0x0000000084c00000|100%| O|  |TAMS 0x0000000084c00000, 0x0000000084b00000| Untracked 
|  76|0x0000000084c00000, 0x0000000084d00000, 0x0000000084d00000|100%| O|  |TAMS 0x0000000084d00000, 0x0000000084c00000| Untracked 
|  77|0x0000000084d00000, 0x0000000084e00000, 0x0000000084e00000|100%| O|  |TAMS 0x0000000084e00000, 0x0000000084d00000| Untracked 
|  78|0x0000000084e00000, 0x0000000084f00000, 0x0000000084f00000|100%| O|  |TAMS 0x0000000084f00000, 0x0000000084e00000| Untracked 
|  79|0x0000000084f00000, 0x0000000085000000, 0x0000000085000000|100%| O|  |TAMS 0x0000000085000000, 0x0000000084f00000| Untracked 
|  80|0x0000000085000000, 0x0000000085100000, 0x0000000085100000|100%| O|  |TAMS 0x0000000085100000, 0x0000000085000000| Untracked 
|  81|0x0000000085100000, 0x0000000085200000, 0x0000000085200000|100%|HS|  |TAMS 0x0000000085200000, 0x0000000085100000| Complete 
|  82|0x0000000085200000, 0x0000000085300000, 0x0000000085300000|100%|HC|  |TAMS 0x0000000085300000, 0x0000000085200000| Complete 
|  83|0x0000000085300000, 0x0000000085400000, 0x0000000085400000|100%|HC|  |TAMS 0x0000000085400000, 0x0000000085300000| Complete 
|  84|0x0000000085400000, 0x0000000085500000, 0x0000000085500000|100%|HS|  |TAMS 0x0000000085500000, 0x0000000085400000| Complete 
|  85|0x0000000085500000, 0x0000000085600000, 0x0000000085600000|100%| O|  |TAMS 0x0000000085600000, 0x0000000085500000| Untracked 
|  86|0x0000000085600000, 0x0000000085700000, 0x0000000085700000|100%| O|  |TAMS 0x0000000085700000, 0x0000000085600000| Untracked 
|  87|0x0000000085700000, 0x0000000085800000, 0x0000000085800000|100%| O|  |TAMS 0x0000000085800000, 0x0000000085700000| Untracked 
|  88|0x0000000085800000, 0x0000000085900000, 0x0000000085900000|100%| O|  |TAMS 0x0000000085900000, 0x0000000085800000| Untracked 
|  89|0x0000000085900000, 0x0000000085a00000, 0x0000000085a00000|100%| O|  |TAMS 0x0000000085a00000, 0x0000000085900000| Untracked 
|  90|0x0000000085a00000, 0x0000000085b00000, 0x0000000085b00000|100%| O|  |TAMS 0x0000000085b00000, 0x0000000085a00000| Untracked 
|  91|0x0000000085b00000, 0x0000000085c00000, 0x0000000085c00000|100%| O|  |TAMS 0x0000000085c00000, 0x0000000085b00000| Untracked 
|  92|0x0000000085c00000, 0x0000000085d00000, 0x0000000085d00000|100%| O|  |TAMS 0x0000000085d00000, 0x0000000085c00000| Untracked 
|  93|0x0000000085d00000, 0x0000000085e00000, 0x0000000085e00000|100%| O|  |TAMS 0x0000000085e00000, 0x0000000085d00000| Untracked 
|  94|0x0000000085e00000, 0x0000000085f00000, 0x0000000085f00000|100%| O|  |TAMS 0x0000000085f00000, 0x0000000085e00000| Untracked 
|  95|0x0000000085f00000, 0x0000000086000000, 0x0000000086000000|100%| O|  |TAMS 0x0000000086000000, 0x0000000085f00000| Untracked 
|  96|0x0000000086000000, 0x0000000086100000, 0x0000000086100000|100%| O|  |TAMS 0x0000000086100000, 0x0000000086000000| Untracked 
|  97|0x0000000086100000, 0x0000000086200000, 0x0000000086200000|100%| O|  |TAMS 0x0000000086200000, 0x0000000086100000| Untracked 
|  98|0x0000000086200000, 0x0000000086300000, 0x0000000086300000|100%| O|  |TAMS 0x0000000086300000, 0x0000000086200000| Untracked 
|  99|0x0000000086300000, 0x0000000086400000, 0x0000000086400000|100%| O|  |TAMS 0x0000000086400000, 0x0000000086300000| Untracked 
| 100|0x0000000086400000, 0x0000000086500000, 0x0000000086500000|100%| O|  |TAMS 0x0000000086500000, 0x0000000086400000| Untracked 
| 101|0x0000000086500000, 0x0000000086600000, 0x0000000086600000|100%| O|  |TAMS 0x0000000086600000, 0x0000000086500000| Untracked 
| 102|0x0000000086600000, 0x0000000086700000, 0x0000000086700000|100%| O|  |TAMS 0x0000000086700000, 0x0000000086600000| Untracked 
| 103|0x0000000086700000, 0x0000000086800000, 0x0000000086800000|100%| O|  |TAMS 0x0000000086800000, 0x0000000086700000| Untracked 
| 104|0x0000000086800000, 0x0000000086900000, 0x0000000086900000|100%| O|  |TAMS 0x0000000086900000, 0x0000000086800000| Untracked 
| 105|0x0000000086900000, 0x0000000086a00000, 0x0000000086a00000|100%| O|  |TAMS 0x0000000086a00000, 0x0000000086900000| Untracked 
| 106|0x0000000086a00000, 0x0000000086b00000, 0x0000000086b00000|100%| O|  |TAMS 0x0000000086b00000, 0x0000000086a00000| Untracked 
| 107|0x0000000086b00000, 0x0000000086c00000, 0x0000000086c00000|100%| O|  |TAMS 0x0000000086c00000, 0x0000000086b00000| Untracked 
| 108|0x0000000086c00000, 0x0000000086d00000, 0x0000000086d00000|100%| O|  |TAMS 0x0000000086d00000, 0x0000000086c00000| Untracked 
| 109|0x0000000086d00000, 0x0000000086e00000, 0x0000000086e00000|100%| O|  |TAMS 0x0000000086e00000, 0x0000000086d00000| Untracked 
| 110|0x0000000086e00000, 0x0000000086f00000, 0x0000000086f00000|100%| O|  |TAMS 0x0000000086f00000, 0x0000000086e00000| Untracked 
| 111|0x0000000086f00000, 0x0000000087000000, 0x0000000087000000|100%| O|  |TAMS 0x0000000087000000, 0x0000000086f00000| Untracked 
| 112|0x0000000087000000, 0x0000000087100000, 0x0000000087100000|100%| O|  |TAMS 0x0000000087100000, 0x0000000087000000| Untracked 
| 113|0x0000000087100000, 0x0000000087200000, 0x0000000087200000|100%| O|  |TAMS 0x0000000087200000, 0x0000000087100000| Untracked 
| 114|0x0000000087200000, 0x0000000087300000, 0x0000000087300000|100%| O|  |TAMS 0x0000000087300000, 0x0000000087200000| Untracked 
| 115|0x0000000087300000, 0x0000000087400000, 0x0000000087400000|100%| O|  |TAMS 0x0000000087400000, 0x0000000087300000| Untracked 
| 116|0x0000000087400000, 0x0000000087500000, 0x0000000087500000|100%| O|  |TAMS 0x0000000087400000, 0x0000000087400000| Untracked 
| 117|0x0000000087500000, 0x0000000087600000, 0x0000000087600000|100%| O|  |TAMS 0x0000000087600000, 0x0000000087500000| Untracked 
| 118|0x0000000087600000, 0x0000000087700000, 0x0000000087700000|100%| O|  |TAMS 0x0000000087700000, 0x0000000087600000| Untracked 
| 119|0x0000000087700000, 0x0000000087800000, 0x0000000087800000|100%| O|  |TAMS 0x0000000087800000, 0x0000000087700000| Untracked 
| 120|0x0000000087800000, 0x0000000087900000, 0x0000000087900000|100%| O|  |TAMS 0x0000000087900000, 0x0000000087800000| Untracked 
| 121|0x0000000087900000, 0x0000000087a00000, 0x0000000087a00000|100%|HS|  |TAMS 0x0000000087a00000, 0x0000000087900000| Complete 
| 122|0x0000000087a00000, 0x0000000087b00000, 0x0000000087b00000|100%|HS|  |TAMS 0x0000000087b00000, 0x0000000087a00000| Complete 
| 123|0x0000000087b00000, 0x0000000087c00000, 0x0000000087c00000|100%| O|  |TAMS 0x0000000087c00000, 0x0000000087b00000| Untracked 
| 124|0x0000000087c00000, 0x0000000087d00000, 0x0000000087d00000|100%|HS|  |TAMS 0x0000000087d00000, 0x0000000087c00000| Complete 
| 125|0x0000000087d00000, 0x0000000087e00000, 0x0000000087e00000|100%|HC|  |TAMS 0x0000000087e00000, 0x0000000087d00000| Complete 
| 126|0x0000000087e00000, 0x0000000087f00000, 0x0000000087f00000|100%|HS|  |TAMS 0x0000000087e00000, 0x0000000087e00000| Complete 
| 127|0x0000000087f00000, 0x0000000088000000, 0x0000000088000000|100%|HC|  |TAMS 0x0000000087f00000, 0x0000000087f00000| Complete 
| 128|0x0000000088000000, 0x0000000088100000, 0x0000000088100000|100%| O|  |TAMS 0x0000000088000000, 0x0000000088000000| Untracked 
| 129|0x0000000088100000, 0x0000000088200000, 0x0000000088200000|100%| O|  |TAMS 0x0000000088100000, 0x0000000088100000| Untracked 
| 130|0x0000000088200000, 0x0000000088300000, 0x0000000088300000|100%| O|  |TAMS 0x0000000088300000, 0x0000000088200000| Untracked 
| 131|0x0000000088300000, 0x0000000088400000, 0x0000000088400000|100%| O|  |TAMS 0x0000000088400000, 0x0000000088300000| Untracked 
| 132|0x0000000088400000, 0x0000000088500000, 0x0000000088500000|100%| O|  |TAMS 0x0000000088500000, 0x0000000088400000| Untracked 
| 133|0x0000000088500000, 0x0000000088600000, 0x0000000088600000|100%| O|  |TAMS 0x0000000088600000, 0x0000000088500000| Untracked 
| 134|0x0000000088600000, 0x0000000088700000, 0x0000000088700000|100%| O|  |TAMS 0x0000000088700000, 0x0000000088600000| Untracked 
| 135|0x0000000088700000, 0x0000000088800000, 0x0000000088800000|100%| O|  |TAMS 0x0000000088800000, 0x0000000088700000| Untracked 
| 136|0x0000000088800000, 0x0000000088900000, 0x0000000088900000|100%| O|  |TAMS 0x0000000088900000, 0x0000000088800000| Untracked 
| 137|0x0000000088900000, 0x0000000088a00000, 0x0000000088a00000|100%| O|  |TAMS 0x0000000088a00000, 0x0000000088900000| Untracked 
| 138|0x0000000088a00000, 0x0000000088b00000, 0x0000000088b00000|100%| O|  |TAMS 0x0000000088b00000, 0x0000000088a00000| Untracked 
| 139|0x0000000088b00000, 0x0000000088c00000, 0x0000000088c00000|100%| O|  |TAMS 0x0000000088c00000, 0x0000000088b00000| Untracked 
| 140|0x0000000088c00000, 0x0000000088d00000, 0x0000000088d00000|100%| O|  |TAMS 0x0000000088d00000, 0x0000000088c00000| Untracked 
| 141|0x0000000088d00000, 0x0000000088e00000, 0x0000000088e00000|100%| O|  |TAMS 0x0000000088e00000, 0x0000000088d00000| Untracked 
| 142|0x0000000088e00000, 0x0000000088f00000, 0x0000000088f00000|100%|HS|  |TAMS 0x0000000088f00000, 0x0000000088e00000| Complete 
| 143|0x0000000088f00000, 0x0000000089000000, 0x0000000089000000|100%|HS|  |TAMS 0x0000000089000000, 0x0000000088f00000| Complete 
| 144|0x0000000089000000, 0x0000000089100000, 0x0000000089100000|100%|HS|  |TAMS 0x0000000089100000, 0x0000000089000000| Complete 
| 145|0x0000000089100000, 0x0000000089200000, 0x0000000089200000|100%| O|  |TAMS 0x0000000089100000, 0x0000000089100000| Untracked 
| 146|0x0000000089200000, 0x0000000089300000, 0x0000000089300000|100%| O|  |TAMS 0x0000000089300000, 0x0000000089200000| Untracked 
| 147|0x0000000089300000, 0x0000000089400000, 0x0000000089400000|100%| O|  |TAMS 0x0000000089400000, 0x0000000089300000| Untracked 
| 148|0x0000000089400000, 0x0000000089500000, 0x0000000089500000|100%| O|  |TAMS 0x0000000089500000, 0x0000000089400000| Untracked 
| 149|0x0000000089500000, 0x0000000089600000, 0x0000000089600000|100%| O|  |TAMS 0x0000000089600000, 0x0000000089500000| Untracked 
| 150|0x0000000089600000, 0x0000000089700000, 0x0000000089700000|100%| O|  |TAMS 0x0000000089700000, 0x0000000089600000| Untracked 
| 151|0x0000000089700000, 0x0000000089800000, 0x0000000089800000|100%| O|  |TAMS 0x0000000089800000, 0x0000000089700000| Untracked 
| 152|0x0000000089800000, 0x0000000089900000, 0x0000000089900000|100%| O|  |TAMS 0x0000000089800000, 0x0000000089800000| Untracked 
| 153|0x0000000089900000, 0x0000000089a00000, 0x0000000089a00000|100%| O|  |TAMS 0x0000000089a00000, 0x0000000089900000| Untracked 
| 154|0x0000000089a00000, 0x0000000089b00000, 0x0000000089b00000|100%| O|  |TAMS 0x0000000089b00000, 0x0000000089a00000| Untracked 
| 155|0x0000000089b00000, 0x0000000089c00000, 0x0000000089c00000|100%| O|  |TAMS 0x0000000089c00000, 0x0000000089b00000| Untracked 
| 156|0x0000000089c00000, 0x0000000089d00000, 0x0000000089d00000|100%| O|  |TAMS 0x0000000089d00000, 0x0000000089c00000| Untracked 
| 157|0x0000000089d00000, 0x0000000089e00000, 0x0000000089e00000|100%| O|  |TAMS 0x0000000089e00000, 0x0000000089d00000| Untracked 
| 158|0x0000000089e00000, 0x0000000089f00000, 0x0000000089f00000|100%| O|  |TAMS 0x0000000089e00000, 0x0000000089e00000| Untracked 
| 159|0x0000000089f00000, 0x000000008a000000, 0x000000008a000000|100%| O|  |TAMS 0x000000008a000000, 0x0000000089f00000| Untracked 
| 160|0x000000008a000000, 0x000000008a100000, 0x000000008a100000|100%| O|  |TAMS 0x000000008a100000, 0x000000008a000000| Untracked 
| 161|0x000000008a100000, 0x000000008a200000, 0x000000008a200000|100%| O|  |TAMS 0x000000008a200000, 0x000000008a100000| Untracked 
| 162|0x000000008a200000, 0x000000008a300000, 0x000000008a300000|100%| O|  |TAMS 0x000000008a200000, 0x000000008a200000| Untracked 
| 163|0x000000008a300000, 0x000000008a400000, 0x000000008a400000|100%| O|  |TAMS 0x000000008a400000, 0x000000008a300000| Untracked 
| 164|0x000000008a400000, 0x000000008a500000, 0x000000008a500000|100%| O|  |TAMS 0x000000008a500000, 0x000000008a400000| Untracked 
| 165|0x000000008a500000, 0x000000008a600000, 0x000000008a600000|100%| O|  |TAMS 0x000000008a500000, 0x000000008a500000| Untracked 
| 166|0x000000008a600000, 0x000000008a700000, 0x000000008a700000|100%| O|  |TAMS 0x000000008a600000, 0x000000008a600000| Untracked 
| 167|0x000000008a700000, 0x000000008a800000, 0x000000008a800000|100%| O|  |TAMS 0x000000008a700000, 0x000000008a700000| Untracked 
| 168|0x000000008a800000, 0x000000008a900000, 0x000000008a900000|100%|HS|  |TAMS 0x000000008a800000, 0x000000008a800000| Complete 
| 169|0x000000008a900000, 0x000000008aa00000, 0x000000008aa00000|100%|HS|  |TAMS 0x000000008a900000, 0x000000008a900000| Complete 
| 170|0x000000008aa00000, 0x000000008ab00000, 0x000000008ab00000|100%| O|  |TAMS 0x000000008aa00000, 0x000000008aa00000| Untracked 
| 171|0x000000008ab00000, 0x000000008ac00000, 0x000000008ac00000|100%| O|  |TAMS 0x000000008ab00000, 0x000000008ab00000| Untracked 
| 172|0x000000008ac00000, 0x000000008ad00000, 0x000000008ad00000|100%| O|  |TAMS 0x000000008ac00000, 0x000000008ac00000| Untracked 
| 173|0x000000008ad00000, 0x000000008ae00000, 0x000000008ae00000|100%| O|  |TAMS 0x000000008ad00000, 0x000000008ad00000| Untracked 
| 174|0x000000008ae00000, 0x000000008af00000, 0x000000008af00000|100%| O|  |TAMS 0x000000008ae00000, 0x000000008ae00000| Untracked 
| 175|0x000000008af00000, 0x000000008b000000, 0x000000008b000000|100%| O|  |TAMS 0x000000008af00000, 0x000000008af00000| Untracked 
| 176|0x000000008b000000, 0x000000008b100000, 0x000000008b100000|100%| O|  |TAMS 0x000000008b000000, 0x000000008b000000| Untracked 
| 177|0x000000008b100000, 0x000000008b200000, 0x000000008b200000|100%| O|  |TAMS 0x000000008b100000, 0x000000008b100000| Untracked 
| 178|0x000000008b200000, 0x000000008b300000, 0x000000008b300000|100%| O|  |TAMS 0x000000008b200000, 0x000000008b200000| Untracked 
| 179|0x000000008b300000, 0x000000008b400000, 0x000000008b400000|100%| O|  |TAMS 0x000000008b300000, 0x000000008b300000| Untracked 
| 180|0x000000008b400000, 0x000000008b500000, 0x000000008b500000|100%| O|  |TAMS 0x000000008b400000, 0x000000008b400000| Untracked 
| 181|0x000000008b500000, 0x000000008b600000, 0x000000008b600000|100%| O|  |TAMS 0x000000008b500000, 0x000000008b500000| Untracked 
| 182|0x000000008b600000, 0x000000008b700000, 0x000000008b700000|100%| O|  |TAMS 0x000000008b600000, 0x000000008b600000| Untracked 
| 183|0x000000008b700000, 0x000000008b800000, 0x000000008b800000|100%| O|  |TAMS 0x000000008b700000, 0x000000008b700000| Untracked 
| 184|0x000000008b800000, 0x000000008b900000, 0x000000008b900000|100%| O|  |TAMS 0x000000008b800000, 0x000000008b800000| Untracked 
| 185|0x000000008b900000, 0x000000008ba00000, 0x000000008ba00000|100%| O|  |TAMS 0x000000008b900000, 0x000000008b900000| Untracked 
| 186|0x000000008ba00000, 0x000000008bb00000, 0x000000008bb00000|100%| O|  |TAMS 0x000000008ba00000, 0x000000008ba00000| Untracked 
| 187|0x000000008bb00000, 0x000000008bc00000, 0x000000008bc00000|100%| O|  |TAMS 0x000000008bb00000, 0x000000008bb00000| Untracked 
| 188|0x000000008bc00000, 0x000000008bd00000, 0x000000008bd00000|100%| O|  |TAMS 0x000000008bc00000, 0x000000008bc00000| Untracked 
| 189|0x000000008bd00000, 0x000000008be00000, 0x000000008be00000|100%| O|  |TAMS 0x000000008bd00000, 0x000000008bd00000| Untracked 
| 190|0x000000008be00000, 0x000000008bf00000, 0x000000008bf00000|100%|HS|  |TAMS 0x000000008bf00000, 0x000000008be00000| Complete 
| 191|0x000000008bf00000, 0x000000008c000000, 0x000000008c000000|100%|HC|  |TAMS 0x000000008c000000, 0x000000008bf00000| Complete 
| 192|0x000000008c000000, 0x000000008c100000, 0x000000008c100000|100%| O|  |TAMS 0x000000008c100000, 0x000000008c000000| Untracked 
| 193|0x000000008c100000, 0x000000008c200000, 0x000000008c200000|100%| O|  |TAMS 0x000000008c100000, 0x000000008c100000| Untracked 
| 194|0x000000008c200000, 0x000000008c300000, 0x000000008c300000|100%| O|  |TAMS 0x000000008c200000, 0x000000008c200000| Untracked 
| 195|0x000000008c300000, 0x000000008c400000, 0x000000008c400000|100%| O|  |TAMS 0x000000008c300000, 0x000000008c300000| Untracked 
| 196|0x000000008c400000, 0x000000008c500000, 0x000000008c500000|100%| O|  |TAMS 0x000000008c400000, 0x000000008c400000| Untracked 
| 197|0x000000008c500000, 0x000000008c600000, 0x000000008c600000|100%| O|  |TAMS 0x000000008c500000, 0x000000008c500000| Untracked 
| 198|0x000000008c600000, 0x000000008c700000, 0x000000008c700000|100%| O|  |TAMS 0x000000008c600000, 0x000000008c600000| Untracked 
| 199|0x000000008c700000, 0x000000008c800000, 0x000000008c800000|100%| O|  |TAMS 0x000000008c700000, 0x000000008c700000| Untracked 
| 200|0x000000008c800000, 0x000000008c900000, 0x000000008c900000|100%| O|  |TAMS 0x000000008c800000, 0x000000008c800000| Untracked 
| 201|0x000000008c900000, 0x000000008ca00000, 0x000000008ca00000|100%| O|  |TAMS 0x000000008c900000, 0x000000008c900000| Untracked 
| 202|0x000000008ca00000, 0x000000008cb00000, 0x000000008cb00000|100%| O|  |TAMS 0x000000008ca00000, 0x000000008ca00000| Untracked 
| 203|0x000000008cb00000, 0x000000008cc00000, 0x000000008cc00000|100%| O|  |TAMS 0x000000008cb00000, 0x000000008cb00000| Untracked 
| 204|0x000000008cc00000, 0x000000008cd00000, 0x000000008cd00000|100%| O|  |TAMS 0x000000008cc00000, 0x000000008cc00000| Untracked 
| 205|0x000000008cd00000, 0x000000008ce00000, 0x000000008ce00000|100%| O|  |TAMS 0x000000008cd00000, 0x000000008cd00000| Untracked 
| 206|0x000000008ce00000, 0x000000008cf00000, 0x000000008cf00000|100%| O|  |TAMS 0x000000008ce00000, 0x000000008ce00000| Untracked 
| 207|0x000000008cf00000, 0x000000008d000000, 0x000000008d000000|100%| O|  |TAMS 0x000000008cf00000, 0x000000008cf00000| Untracked 
| 208|0x000000008d000000, 0x000000008d100000, 0x000000008d100000|100%| O|  |TAMS 0x000000008d000000, 0x000000008d000000| Untracked 
| 209|0x000000008d100000, 0x000000008d200000, 0x000000008d200000|100%| O|  |TAMS 0x000000008d100000, 0x000000008d100000| Untracked 
| 210|0x000000008d200000, 0x000000008d300000, 0x000000008d300000|100%| O|  |TAMS 0x000000008d200000, 0x000000008d200000| Untracked 
| 211|0x000000008d300000, 0x000000008d400000, 0x000000008d400000|100%| O|  |TAMS 0x000000008d300000, 0x000000008d300000| Untracked 
| 212|0x000000008d400000, 0x000000008d500000, 0x000000008d500000|100%| O|  |TAMS 0x000000008d400000, 0x000000008d400000| Untracked 
| 213|0x000000008d500000, 0x000000008d600000, 0x000000008d600000|100%| O|  |TAMS 0x000000008d500000, 0x000000008d500000| Untracked 
| 214|0x000000008d600000, 0x000000008d700000, 0x000000008d700000|100%|HS|  |TAMS 0x000000008d600000, 0x000000008d600000| Complete 
| 215|0x000000008d700000, 0x000000008d800000, 0x000000008d800000|100%| O|  |TAMS 0x000000008d700000, 0x000000008d700000| Untracked 
| 216|0x000000008d800000, 0x000000008d900000, 0x000000008d900000|100%| O|  |TAMS 0x000000008d800000, 0x000000008d800000| Untracked 
| 217|0x000000008d900000, 0x000000008da00000, 0x000000008da00000|100%| O|  |TAMS 0x000000008d900000, 0x000000008d900000| Untracked 
| 218|0x000000008da00000, 0x000000008db00000, 0x000000008db00000|100%| O|  |TAMS 0x000000008da00000, 0x000000008da00000| Untracked 
| 219|0x000000008db00000, 0x000000008dc00000, 0x000000008dc00000|100%| O|  |TAMS 0x000000008db00000, 0x000000008db00000| Untracked 
| 220|0x000000008dc00000, 0x000000008dd00000, 0x000000008dd00000|100%| O|  |TAMS 0x000000008dc00000, 0x000000008dc00000| Untracked 
| 221|0x000000008dd00000, 0x000000008de00000, 0x000000008de00000|100%| O|  |TAMS 0x000000008dd00000, 0x000000008dd00000| Untracked 
| 222|0x000000008de00000, 0x000000008df00000, 0x000000008df00000|100%| O|  |TAMS 0x000000008de00000, 0x000000008de00000| Untracked 
| 223|0x000000008df00000, 0x000000008e000000, 0x000000008e000000|100%| O|  |TAMS 0x000000008df00000, 0x000000008df00000| Untracked 
| 224|0x000000008e000000, 0x000000008e100000, 0x000000008e100000|100%|HS|  |TAMS 0x000000008e000000, 0x000000008e000000| Complete 
| 225|0x000000008e100000, 0x000000008e200000, 0x000000008e200000|100%| O|  |TAMS 0x000000008e100000, 0x000000008e100000| Untracked 
| 226|0x000000008e200000, 0x000000008e300000, 0x000000008e300000|100%| O|  |TAMS 0x000000008e200000, 0x000000008e200000| Untracked 
| 227|0x000000008e300000, 0x000000008e400000, 0x000000008e400000|100%| O|  |TAMS 0x000000008e300000, 0x000000008e300000| Untracked 
| 228|0x000000008e400000, 0x000000008e500000, 0x000000008e500000|100%| O|  |TAMS 0x000000008e400000, 0x000000008e400000| Untracked 
| 229|0x000000008e500000, 0x000000008e600000, 0x000000008e600000|100%| O|  |TAMS 0x000000008e500000, 0x000000008e500000| Untracked 
| 230|0x000000008e600000, 0x000000008e700000, 0x000000008e700000|100%| O|  |TAMS 0x000000008e600000, 0x000000008e600000| Untracked 
| 231|0x000000008e700000, 0x000000008e800000, 0x000000008e800000|100%| O|  |TAMS 0x000000008e700000, 0x000000008e700000| Untracked 
| 232|0x000000008e800000, 0x000000008e900000, 0x000000008e900000|100%| O|  |TAMS 0x000000008e800000, 0x000000008e800000| Untracked 
| 233|0x000000008e900000, 0x000000008ea00000, 0x000000008ea00000|100%| O|  |TAMS 0x000000008e900000, 0x000000008e900000| Untracked 
| 234|0x000000008ea00000, 0x000000008eb00000, 0x000000008eb00000|100%|HS|  |TAMS 0x000000008eb00000, 0x000000008ea00000| Complete 
| 235|0x000000008eb00000, 0x000000008ec00000, 0x000000008ec00000|100%|HC|  |TAMS 0x000000008ec00000, 0x000000008eb00000| Complete 
| 236|0x000000008ec00000, 0x000000008ed00000, 0x000000008ed00000|100%| O|  |TAMS 0x000000008ec00000, 0x000000008ec00000| Untracked 
| 237|0x000000008ed00000, 0x000000008ee00000, 0x000000008ee00000|100%| O|  |TAMS 0x000000008ed00000, 0x000000008ed00000| Untracked 
| 238|0x000000008ee00000, 0x000000008ef00000, 0x000000008ef00000|100%| O|  |TAMS 0x000000008ee00000, 0x000000008ee00000| Untracked 
| 239|0x000000008ef00000, 0x000000008f000000, 0x000000008f000000|100%| O|  |TAMS 0x000000008f000000, 0x000000008ef00000| Untracked 
| 240|0x000000008f000000, 0x000000008f100000, 0x000000008f100000|100%|HS|  |TAMS 0x000000008f100000, 0x000000008f000000| Complete 
| 241|0x000000008f100000, 0x000000008f200000, 0x000000008f200000|100%|HS|  |TAMS 0x000000008f200000, 0x000000008f100000| Complete 
| 242|0x000000008f200000, 0x000000008f300000, 0x000000008f300000|100%| O|  |TAMS 0x000000008f300000, 0x000000008f200000| Untracked 
| 243|0x000000008f300000, 0x000000008f400000, 0x000000008f400000|100%| O|  |TAMS 0x000000008f400000, 0x000000008f300000| Untracked 
| 244|0x000000008f400000, 0x000000008f500000, 0x000000008f500000|100%| O|  |TAMS 0x000000008f500000, 0x000000008f400000| Untracked 
| 245|0x000000008f500000, 0x000000008f600000, 0x000000008f600000|100%| O|  |TAMS 0x000000008f600000, 0x000000008f500000| Untracked 
| 246|0x000000008f600000, 0x000000008f700000, 0x000000008f700000|100%| O|  |TAMS 0x000000008f700000, 0x000000008f600000| Untracked 
| 247|0x000000008f700000, 0x000000008f800000, 0x000000008f800000|100%| O|  |TAMS 0x000000008f800000, 0x000000008f700000| Untracked 
| 248|0x000000008f800000, 0x000000008f900000, 0x000000008f900000|100%| O|  |TAMS 0x000000008f800000, 0x000000008f800000| Untracked 
| 249|0x000000008f900000, 0x000000008fa00000, 0x000000008fa00000|100%| O|  |TAMS 0x000000008f900000, 0x000000008f900000| Untracked 
| 250|0x000000008fa00000, 0x000000008fb00000, 0x000000008fb00000|100%| O|  |TAMS 0x000000008fa00000, 0x000000008fa00000| Untracked 
| 251|0x000000008fb00000, 0x000000008fc00000, 0x000000008fc00000|100%| O|  |TAMS 0x000000008fb00000, 0x000000008fb00000| Untracked 
| 252|0x000000008fc00000, 0x000000008fd00000, 0x000000008fd00000|100%| O|  |TAMS 0x000000008fc00000, 0x000000008fc00000| Untracked 
| 253|0x000000008fd00000, 0x000000008fe00000, 0x000000008fe00000|100%| O|  |TAMS 0x000000008fe00000, 0x000000008fd00000| Untracked 
| 254|0x000000008fe00000, 0x000000008ff00000, 0x000000008ff00000|100%| O|  |TAMS 0x000000008ff00000, 0x000000008fe00000| Untracked 
| 255|0x000000008ff00000, 0x0000000090000000, 0x0000000090000000|100%| O|  |TAMS 0x000000008ff00000, 0x000000008ff00000| Untracked 
| 256|0x0000000090000000, 0x0000000090100000, 0x0000000090100000|100%| O|  |TAMS 0x0000000090000000, 0x0000000090000000| Untracked 
| 257|0x0000000090100000, 0x0000000090200000, 0x0000000090200000|100%| O|  |TAMS 0x0000000090200000, 0x0000000090100000| Untracked 
| 258|0x0000000090200000, 0x0000000090300000, 0x0000000090300000|100%| O|  |TAMS 0x0000000090300000, 0x0000000090200000| Untracked 
| 259|0x0000000090300000, 0x0000000090400000, 0x0000000090400000|100%| O|  |TAMS 0x0000000090300000, 0x0000000090300000| Untracked 
| 260|0x0000000090400000, 0x0000000090500000, 0x0000000090500000|100%| O|  |TAMS 0x0000000090400000, 0x0000000090400000| Untracked 
| 261|0x0000000090500000, 0x0000000090600000, 0x0000000090600000|100%| O|  |TAMS 0x0000000090500000, 0x0000000090500000| Untracked 
| 262|0x0000000090600000, 0x0000000090700000, 0x0000000090700000|100%| O|  |TAMS 0x0000000090700000, 0x0000000090600000| Untracked 
| 263|0x0000000090700000, 0x0000000090800000, 0x0000000090800000|100%| O|  |TAMS 0x0000000090700000, 0x0000000090700000| Untracked 
| 264|0x0000000090800000, 0x0000000090900000, 0x0000000090900000|100%| O|  |TAMS 0x0000000090800000, 0x0000000090800000| Untracked 
| 265|0x0000000090900000, 0x0000000090a00000, 0x0000000090a00000|100%| O|  |TAMS 0x0000000090900000, 0x0000000090900000| Untracked 
| 266|0x0000000090a00000, 0x0000000090b00000, 0x0000000090b00000|100%| O|  |TAMS 0x0000000090a00000, 0x0000000090a00000| Untracked 
| 267|0x0000000090b00000, 0x0000000090c00000, 0x0000000090c00000|100%| O|  |TAMS 0x0000000090b00000, 0x0000000090b00000| Untracked 
| 268|0x0000000090c00000, 0x0000000090d00000, 0x0000000090d00000|100%| O|  |TAMS 0x0000000090d00000, 0x0000000090c00000| Untracked 
| 269|0x0000000090d00000, 0x0000000090e00000, 0x0000000090e00000|100%| O|  |TAMS 0x0000000090e00000, 0x0000000090d00000| Untracked 
| 270|0x0000000090e00000, 0x0000000090f00000, 0x0000000090f00000|100%| O|  |TAMS 0x0000000090f00000, 0x0000000090e00000| Untracked 
| 271|0x0000000090f00000, 0x0000000091000000, 0x0000000091000000|100%| O|  |TAMS 0x0000000091000000, 0x0000000090f00000| Untracked 
| 272|0x0000000091000000, 0x0000000091100000, 0x0000000091100000|100%| O|  |TAMS 0x0000000091100000, 0x0000000091000000| Untracked 
| 273|0x0000000091100000, 0x0000000091200000, 0x0000000091200000|100%| O|  |TAMS 0x0000000091200000, 0x0000000091100000| Untracked 
| 274|0x0000000091200000, 0x0000000091300000, 0x0000000091300000|100%| O|  |TAMS 0x0000000091300000, 0x0000000091200000| Untracked 
| 275|0x0000000091300000, 0x0000000091400000, 0x0000000091400000|100%| O|  |TAMS 0x0000000091300000, 0x0000000091300000| Untracked 
| 276|0x0000000091400000, 0x0000000091500000, 0x0000000091500000|100%| O|  |TAMS 0x0000000091500000, 0x0000000091400000| Untracked 
| 277|0x0000000091500000, 0x0000000091600000, 0x0000000091600000|100%| O|  |TAMS 0x0000000091600000, 0x0000000091500000| Untracked 
| 278|0x0000000091600000, 0x0000000091700000, 0x0000000091700000|100%| O|  |TAMS 0x0000000091600000, 0x0000000091600000| Untracked 
| 279|0x0000000091700000, 0x0000000091800000, 0x0000000091800000|100%| O|  |TAMS 0x0000000091800000, 0x0000000091700000| Untracked 
| 280|0x0000000091800000, 0x0000000091900000, 0x0000000091900000|100%| O|  |TAMS 0x0000000091800000, 0x0000000091800000| Untracked 
| 281|0x0000000091900000, 0x0000000091a00000, 0x0000000091a00000|100%| O|  |TAMS 0x0000000091900000, 0x0000000091900000| Untracked 
| 282|0x0000000091a00000, 0x0000000091b00000, 0x0000000091b00000|100%| O|  |TAMS 0x0000000091a00000, 0x0000000091a00000| Untracked 
| 283|0x0000000091b00000, 0x0000000091c00000, 0x0000000091c00000|100%| O|  |TAMS 0x0000000091c00000, 0x0000000091b00000| Untracked 
| 284|0x0000000091c00000, 0x0000000091d00000, 0x0000000091d00000|100%| O|  |TAMS 0x0000000091c00000, 0x0000000091c00000| Untracked 
| 285|0x0000000091d00000, 0x0000000091e00000, 0x0000000091e00000|100%| O|  |TAMS 0x0000000091e00000, 0x0000000091d00000| Untracked 
| 286|0x0000000091e00000, 0x0000000091f00000, 0x0000000091f00000|100%| O|  |TAMS 0x0000000091f00000, 0x0000000091e00000| Untracked 
| 287|0x0000000091f00000, 0x0000000092000000, 0x0000000092000000|100%| O|  |TAMS 0x0000000091f00000, 0x0000000091f00000| Untracked 
| 288|0x0000000092000000, 0x0000000092100000, 0x0000000092100000|100%| O|  |TAMS 0x0000000092000000, 0x0000000092000000| Untracked 
| 289|0x0000000092100000, 0x0000000092200000, 0x0000000092200000|100%| O|  |TAMS 0x0000000092200000, 0x0000000092100000| Untracked 
| 290|0x0000000092200000, 0x0000000092300000, 0x0000000092300000|100%| O|  |TAMS 0x0000000092300000, 0x0000000092200000| Untracked 
| 291|0x0000000092300000, 0x0000000092400000, 0x0000000092400000|100%| O|  |TAMS 0x0000000092400000, 0x0000000092300000| Untracked 
| 292|0x0000000092400000, 0x0000000092500000, 0x0000000092500000|100%| O|  |TAMS 0x0000000092400000, 0x0000000092400000| Untracked 
| 293|0x0000000092500000, 0x0000000092600000, 0x0000000092600000|100%| O|  |TAMS 0x0000000092500000, 0x0000000092500000| Untracked 
| 294|0x0000000092600000, 0x0000000092700000, 0x0000000092700000|100%|HS|  |TAMS 0x0000000092600000, 0x0000000092600000| Complete 
| 295|0x0000000092700000, 0x0000000092800000, 0x0000000092800000|100%| O|  |TAMS 0x0000000092700000, 0x0000000092700000| Untracked 
| 296|0x0000000092800000, 0x0000000092900000, 0x0000000092900000|100%| O|  |TAMS 0x0000000092800000, 0x0000000092800000| Untracked 
| 297|0x0000000092900000, 0x0000000092a00000, 0x0000000092a00000|100%| O|  |TAMS 0x0000000092900000, 0x0000000092900000| Untracked 
| 298|0x0000000092a00000, 0x0000000092b00000, 0x0000000092b00000|100%|HS|  |TAMS 0x0000000092a00000, 0x0000000092a00000| Complete 
| 299|0x0000000092b00000, 0x0000000092c00000, 0x0000000092c00000|100%|HC|  |TAMS 0x0000000092b00000, 0x0000000092b00000| Complete 
| 300|0x0000000092c00000, 0x0000000092d00000, 0x0000000092d00000|100%|HC|  |TAMS 0x0000000092c00000, 0x0000000092c00000| Complete 
| 301|0x0000000092d00000, 0x0000000092e00000, 0x0000000092e00000|100%| O|  |TAMS 0x0000000092e00000, 0x0000000092d00000| Untracked 
| 302|0x0000000092e00000, 0x0000000092f00000, 0x0000000092f00000|100%| O|  |TAMS 0x0000000092f00000, 0x0000000092e00000| Untracked 
| 303|0x0000000092f00000, 0x0000000093000000, 0x0000000093000000|100%| O|  |TAMS 0x0000000093000000, 0x0000000092f00000| Untracked 
| 304|0x0000000093000000, 0x0000000093100000, 0x0000000093100000|100%| O|  |TAMS 0x0000000093100000, 0x0000000093000000| Untracked 
| 305|0x0000000093100000, 0x0000000093200000, 0x0000000093200000|100%| O|  |TAMS 0x0000000093100000, 0x0000000093100000| Untracked 
| 306|0x0000000093200000, 0x0000000093300000, 0x0000000093300000|100%| O|  |TAMS 0x0000000093200000, 0x0000000093200000| Untracked 
| 307|0x0000000093300000, 0x0000000093400000, 0x0000000093400000|100%| O|  |TAMS 0x0000000093300000, 0x0000000093300000| Untracked 
| 308|0x0000000093400000, 0x0000000093500000, 0x0000000093500000|100%| O|  |TAMS 0x0000000093400000, 0x0000000093400000| Untracked 
| 309|0x0000000093500000, 0x0000000093600000, 0x0000000093600000|100%| O|  |TAMS 0x0000000093500000, 0x0000000093500000| Untracked 
| 310|0x0000000093600000, 0x0000000093700000, 0x0000000093700000|100%| O|  |TAMS 0x0000000093600000, 0x0000000093600000| Untracked 
| 311|0x0000000093700000, 0x0000000093800000, 0x0000000093800000|100%| O|  |TAMS 0x0000000093700000, 0x0000000093700000| Untracked 
| 312|0x0000000093800000, 0x0000000093900000, 0x0000000093900000|100%| O|  |TAMS 0x0000000093800000, 0x0000000093800000| Untracked 
| 313|0x0000000093900000, 0x0000000093a00000, 0x0000000093a00000|100%| O|  |TAMS 0x0000000093900000, 0x0000000093900000| Untracked 
| 314|0x0000000093a00000, 0x0000000093b00000, 0x0000000093b00000|100%| O|  |TAMS 0x0000000093b00000, 0x0000000093a00000| Untracked 
| 315|0x0000000093b00000, 0x0000000093c00000, 0x0000000093c00000|100%| O|  |TAMS 0x0000000093c00000, 0x0000000093b00000| Untracked 
| 316|0x0000000093c00000, 0x0000000093d00000, 0x0000000093d00000|100%| O|  |TAMS 0x0000000093d00000, 0x0000000093c00000| Untracked 
| 317|0x0000000093d00000, 0x0000000093e00000, 0x0000000093e00000|100%| O|  |TAMS 0x0000000093e00000, 0x0000000093d00000| Untracked 
| 318|0x0000000093e00000, 0x0000000093f00000, 0x0000000093f00000|100%| O|  |TAMS 0x0000000093f00000, 0x0000000093e00000| Untracked 
| 319|0x0000000093f00000, 0x0000000094000000, 0x0000000094000000|100%| O|  |TAMS 0x0000000094000000, 0x0000000093f00000| Untracked 
| 320|0x0000000094000000, 0x0000000094100000, 0x0000000094100000|100%| O|  |TAMS 0x0000000094100000, 0x0000000094000000| Untracked 
| 321|0x0000000094100000, 0x0000000094200000, 0x0000000094200000|100%| O|  |TAMS 0x0000000094200000, 0x0000000094100000| Untracked 
| 322|0x0000000094200000, 0x0000000094300000, 0x0000000094300000|100%| O|  |TAMS 0x0000000094300000, 0x0000000094200000| Untracked 
| 323|0x0000000094300000, 0x0000000094400000, 0x0000000094400000|100%| O|  |TAMS 0x0000000094400000, 0x0000000094300000| Untracked 
| 324|0x0000000094400000, 0x0000000094500000, 0x0000000094500000|100%| O|  |TAMS 0x0000000094500000, 0x0000000094400000| Untracked 
| 325|0x0000000094500000, 0x0000000094600000, 0x0000000094600000|100%| O|  |TAMS 0x0000000094600000, 0x0000000094500000| Untracked 
| 326|0x0000000094600000, 0x0000000094700000, 0x0000000094700000|100%| O|  |TAMS 0x0000000094700000, 0x0000000094600000| Untracked 
| 327|0x0000000094700000, 0x0000000094800000, 0x0000000094800000|100%| O|  |TAMS 0x0000000094800000, 0x0000000094700000| Untracked 
| 328|0x0000000094800000, 0x0000000094900000, 0x0000000094900000|100%| O|  |TAMS 0x0000000094800000, 0x0000000094800000| Untracked 
| 329|0x0000000094900000, 0x0000000094a00000, 0x0000000094a00000|100%| O|  |TAMS 0x0000000094a00000, 0x0000000094900000| Untracked 
| 330|0x0000000094a00000, 0x0000000094b00000, 0x0000000094b00000|100%| O|  |TAMS 0x0000000094b00000, 0x0000000094a00000| Untracked 
| 331|0x0000000094b00000, 0x0000000094c00000, 0x0000000094c00000|100%| O|  |TAMS 0x0000000094c00000, 0x0000000094b00000| Untracked 
| 332|0x0000000094c00000, 0x0000000094d00000, 0x0000000094d00000|100%| O|  |TAMS 0x0000000094d00000, 0x0000000094c00000| Untracked 
| 333|0x0000000094d00000, 0x0000000094e00000, 0x0000000094e00000|100%| O|  |TAMS 0x0000000094e00000, 0x0000000094d00000| Untracked 
| 334|0x0000000094e00000, 0x0000000094f00000, 0x0000000094f00000|100%| O|  |TAMS 0x0000000094f00000, 0x0000000094e00000| Untracked 
| 335|0x0000000094f00000, 0x0000000095000000, 0x0000000095000000|100%| O|  |TAMS 0x0000000095000000, 0x0000000094f00000| Untracked 
| 336|0x0000000095000000, 0x0000000095100000, 0x0000000095100000|100%| O|  |TAMS 0x0000000095100000, 0x0000000095000000| Untracked 
| 337|0x0000000095100000, 0x0000000095200000, 0x0000000095200000|100%| O|  |TAMS 0x0000000095200000, 0x0000000095100000| Untracked 
| 338|0x0000000095200000, 0x0000000095300000, 0x0000000095300000|100%| O|  |TAMS 0x0000000095300000, 0x0000000095200000| Untracked 
| 339|0x0000000095300000, 0x0000000095400000, 0x0000000095400000|100%| O|  |TAMS 0x0000000095400000, 0x0000000095300000| Untracked 
| 340|0x0000000095400000, 0x0000000095500000, 0x0000000095500000|100%| O|  |TAMS 0x0000000095500000, 0x0000000095400000| Untracked 
| 341|0x0000000095500000, 0x0000000095600000, 0x0000000095600000|100%| O|  |TAMS 0x0000000095600000, 0x0000000095500000| Untracked 
| 342|0x0000000095600000, 0x0000000095700000, 0x0000000095700000|100%| O|  |TAMS 0x0000000095700000, 0x0000000095600000| Untracked 
| 343|0x0000000095700000, 0x0000000095800000, 0x0000000095800000|100%| O|  |TAMS 0x0000000095700000, 0x0000000095700000| Untracked 
| 344|0x0000000095800000, 0x0000000095900000, 0x0000000095900000|100%| O|  |TAMS 0x0000000095800000, 0x0000000095800000| Untracked 
| 345|0x0000000095900000, 0x0000000095a00000, 0x0000000095a00000|100%| O|  |TAMS 0x0000000095900000, 0x0000000095900000| Untracked 
| 346|0x0000000095a00000, 0x0000000095a80000, 0x0000000095b00000| 50%| O|  |TAMS 0x0000000095a00000, 0x0000000095a00000| Untracked 
| 347|0x0000000095b00000, 0x0000000095b00000, 0x0000000095c00000|  0%| F|  |TAMS 0x0000000095b00000, 0x0000000095b00000| Untracked 
| 348|0x0000000095c00000, 0x0000000095c00000, 0x0000000095d00000|  0%| F|  |TAMS 0x0000000095c00000, 0x0000000095c00000| Untracked 
| 349|0x0000000095d00000, 0x0000000095d00000, 0x0000000095e00000|  0%| F|  |TAMS 0x0000000095d00000, 0x0000000095d00000| Untracked 
| 350|0x0000000095e00000, 0x0000000095e00000, 0x0000000095f00000|  0%| F|  |TAMS 0x0000000095e00000, 0x0000000095e00000| Untracked 
| 351|0x0000000095f00000, 0x0000000095f00000, 0x0000000096000000|  0%| F|  |TAMS 0x0000000095f00000, 0x0000000095f00000| Untracked 
| 352|0x0000000096000000, 0x0000000096100000, 0x0000000096100000|100%| O|  |TAMS 0x0000000096000000, 0x0000000096000000| Untracked 
| 353|0x0000000096100000, 0x0000000096200000, 0x0000000096200000|100%| O|  |TAMS 0x0000000096100000, 0x0000000096100000| Untracked 
| 354|0x0000000096200000, 0x0000000096200000, 0x0000000096300000|  0%| F|  |TAMS 0x0000000096200000, 0x0000000096200000| Untracked 
| 355|0x0000000096300000, 0x0000000096300000, 0x0000000096400000|  0%| F|  |TAMS 0x0000000096300000, 0x0000000096300000| Untracked 
| 356|0x0000000096400000, 0x0000000096400000, 0x0000000096500000|  0%| F|  |TAMS 0x0000000096400000, 0x0000000096400000| Untracked 
| 357|0x0000000096500000, 0x0000000096500000, 0x0000000096600000|  0%| F|  |TAMS 0x0000000096500000, 0x0000000096500000| Untracked 
| 358|0x0000000096600000, 0x0000000096600000, 0x0000000096700000|  0%| F|  |TAMS 0x0000000096600000, 0x0000000096600000| Untracked 
| 359|0x0000000096700000, 0x0000000096700000, 0x0000000096800000|  0%| F|  |TAMS 0x0000000096700000, 0x0000000096700000| Untracked 
| 360|0x0000000096800000, 0x0000000096900000, 0x0000000096900000|100%| O|  |TAMS 0x0000000096800000, 0x0000000096800000| Untracked 
| 361|0x0000000096900000, 0x0000000096900000, 0x0000000096a00000|  0%| F|  |TAMS 0x0000000096900000, 0x0000000096900000| Untracked 
| 362|0x0000000096a00000, 0x0000000096b00000, 0x0000000096b00000|100%| O|  |TAMS 0x0000000096b00000, 0x0000000096a00000| Untracked 
| 363|0x0000000096b00000, 0x0000000096c00000, 0x0000000096c00000|100%| O|  |TAMS 0x0000000096c00000, 0x0000000096b00000| Untracked 
| 364|0x0000000096c00000, 0x0000000096d00000, 0x0000000096d00000|100%| O|  |TAMS 0x0000000096d00000, 0x0000000096c00000| Untracked 
| 365|0x0000000096d00000, 0x0000000096e00000, 0x0000000096e00000|100%| O|  |TAMS 0x0000000096e00000, 0x0000000096d00000| Untracked 
| 366|0x0000000096e00000, 0x0000000096f00000, 0x0000000096f00000|100%| O|  |TAMS 0x0000000096f00000, 0x0000000096e00000| Untracked 
| 367|0x0000000096f00000, 0x0000000097000000, 0x0000000097000000|100%| O|  |TAMS 0x0000000097000000, 0x0000000096f00000| Untracked 
| 368|0x0000000097000000, 0x0000000097100000, 0x0000000097100000|100%| O|  |TAMS 0x0000000097100000, 0x0000000097000000| Untracked 
| 369|0x0000000097100000, 0x0000000097200000, 0x0000000097200000|100%| O|  |TAMS 0x0000000097200000, 0x0000000097100000| Untracked 
| 370|0x0000000097200000, 0x0000000097200000, 0x0000000097300000|  0%| F|  |TAMS 0x0000000097200000, 0x0000000097200000| Untracked 
| 371|0x0000000097300000, 0x0000000097300000, 0x0000000097400000|  0%| F|  |TAMS 0x0000000097300000, 0x0000000097300000| Untracked 
| 372|0x0000000097400000, 0x0000000097400000, 0x0000000097500000|  0%| F|  |TAMS 0x0000000097400000, 0x0000000097400000| Untracked 
| 373|0x0000000097500000, 0x0000000097600000, 0x0000000097600000|100%|HS|  |TAMS 0x0000000097500000, 0x0000000097500000| Complete 
| 374|0x0000000097600000, 0x0000000097700000, 0x0000000097700000|100%|HC|  |TAMS 0x0000000097600000, 0x0000000097600000| Complete 
| 375|0x0000000097700000, 0x0000000097700000, 0x0000000097800000|  0%| F|  |TAMS 0x0000000097700000, 0x0000000097700000| Untracked 
| 376|0x0000000097800000, 0x0000000097800000, 0x0000000097900000|  0%| F|  |TAMS 0x0000000097800000, 0x0000000097800000| Untracked 
| 377|0x0000000097900000, 0x0000000097a00000, 0x0000000097a00000|100%|HS|  |TAMS 0x0000000097900000, 0x0000000097900000| Complete 
| 378|0x0000000097a00000, 0x0000000097b00000, 0x0000000097b00000|100%|HC|  |TAMS 0x0000000097a00000, 0x0000000097a00000| Complete 
| 379|0x0000000097b00000, 0x0000000097b00000, 0x0000000097c00000|  0%| F|  |TAMS 0x0000000097b00000, 0x0000000097b00000| Untracked 
| 380|0x0000000097c00000, 0x0000000097c00000, 0x0000000097d00000|  0%| F|  |TAMS 0x0000000097c00000, 0x0000000097c00000| Untracked 
| 381|0x0000000097d00000, 0x0000000097e00000, 0x0000000097e00000|100%|HS|  |TAMS 0x0000000097d00000, 0x0000000097d00000| Complete 
| 382|0x0000000097e00000, 0x0000000097f00000, 0x0000000097f00000|100%|HC|  |TAMS 0x0000000097e00000, 0x0000000097e00000| Complete 
| 383|0x0000000097f00000, 0x0000000097f00000, 0x0000000098000000|  0%| F|  |TAMS 0x0000000097f00000, 0x0000000097f00000| Untracked 
| 384|0x0000000098000000, 0x0000000098000000, 0x0000000098100000|  0%| F|  |TAMS 0x0000000098000000, 0x0000000098000000| Untracked 
| 385|0x0000000098100000, 0x0000000098100000, 0x0000000098200000|  0%| F|  |TAMS 0x0000000098100000, 0x0000000098100000| Untracked 
| 386|0x0000000098200000, 0x0000000098200000, 0x0000000098300000|  0%| F|  |TAMS 0x0000000098200000, 0x0000000098200000| Untracked 
| 387|0x0000000098300000, 0x0000000098300000, 0x0000000098400000|  0%| F|  |TAMS 0x0000000098300000, 0x0000000098300000| Untracked 
| 388|0x0000000098400000, 0x0000000098500000, 0x0000000098500000|100%| O|  |TAMS 0x0000000098400000, 0x0000000098400000| Untracked 
| 389|0x0000000098500000, 0x0000000098600000, 0x0000000098600000|100%| O|  |TAMS 0x0000000098500000, 0x0000000098500000| Untracked 
| 390|0x0000000098600000, 0x0000000098600000, 0x0000000098700000|  0%| F|  |TAMS 0x0000000098600000, 0x0000000098600000| Untracked 
| 391|0x0000000098700000, 0x0000000098700000, 0x0000000098800000|  0%| F|  |TAMS 0x0000000098700000, 0x0000000098700000| Untracked 
| 392|0x0000000098800000, 0x0000000098800000, 0x0000000098900000|  0%| F|  |TAMS 0x0000000098800000, 0x0000000098800000| Untracked 
| 393|0x0000000098900000, 0x0000000098900000, 0x0000000098a00000|  0%| F|  |TAMS 0x0000000098900000, 0x0000000098900000| Untracked 
| 394|0x0000000098a00000, 0x0000000098b00000, 0x0000000098b00000|100%|HS|  |TAMS 0x0000000098a00000, 0x0000000098a00000| Complete 
| 395|0x0000000098b00000, 0x0000000098c00000, 0x0000000098c00000|100%|HC|  |TAMS 0x0000000098b00000, 0x0000000098b00000| Complete 
| 396|0x0000000098c00000, 0x0000000098d00000, 0x0000000098d00000|100%|HC|  |TAMS 0x0000000098c00000, 0x0000000098c00000| Complete 
| 397|0x0000000098d00000, 0x0000000098e00000, 0x0000000098e00000|100%| O|  |TAMS 0x0000000098d00000, 0x0000000098d00000| Untracked 
| 398|0x0000000098e00000, 0x0000000098f00000, 0x0000000098f00000|100%| O|  |TAMS 0x0000000098e00000, 0x0000000098e00000| Untracked 
| 399|0x0000000098f00000, 0x0000000099000000, 0x0000000099000000|100%| O|  |TAMS 0x0000000098f00000, 0x0000000098f00000| Untracked 
| 400|0x0000000099000000, 0x0000000099100000, 0x0000000099100000|100%| O|  |TAMS 0x0000000099000000, 0x0000000099000000| Untracked 
| 401|0x0000000099100000, 0x0000000099200000, 0x0000000099200000|100%| O|  |TAMS 0x0000000099100000, 0x0000000099100000| Untracked 
| 402|0x0000000099200000, 0x0000000099200000, 0x0000000099300000|  0%| F|  |TAMS 0x0000000099200000, 0x0000000099200000| Untracked 
| 403|0x0000000099300000, 0x0000000099300000, 0x0000000099400000|  0%| F|  |TAMS 0x0000000099300000, 0x0000000099300000| Untracked 
| 404|0x0000000099400000, 0x0000000099400000, 0x0000000099500000|  0%| F|  |TAMS 0x0000000099400000, 0x0000000099400000| Untracked 
| 405|0x0000000099500000, 0x0000000099500000, 0x0000000099600000|  0%| F|  |TAMS 0x0000000099500000, 0x0000000099500000| Untracked 
| 406|0x0000000099600000, 0x0000000099600000, 0x0000000099700000|  0%| F|  |TAMS 0x0000000099600000, 0x0000000099600000| Untracked 
| 407|0x0000000099700000, 0x0000000099700000, 0x0000000099800000|  0%| F|  |TAMS 0x0000000099700000, 0x0000000099700000| Untracked 
| 408|0x0000000099800000, 0x0000000099800000, 0x0000000099900000|  0%| F|  |TAMS 0x0000000099800000, 0x0000000099800000| Untracked 
| 409|0x0000000099900000, 0x0000000099900000, 0x0000000099a00000|  0%| F|  |TAMS 0x0000000099900000, 0x0000000099900000| Untracked 
| 410|0x0000000099a00000, 0x0000000099a00000, 0x0000000099b00000|  0%| F|  |TAMS 0x0000000099a00000, 0x0000000099a00000| Untracked 
| 411|0x0000000099b00000, 0x0000000099b00000, 0x0000000099c00000|  0%| F|  |TAMS 0x0000000099b00000, 0x0000000099b00000| Untracked 
| 412|0x0000000099c00000, 0x0000000099d00000, 0x0000000099d00000|100%| O|  |TAMS 0x0000000099d00000, 0x0000000099c00000| Untracked 
| 413|0x0000000099d00000, 0x0000000099e00000, 0x0000000099e00000|100%| O|  |TAMS 0x0000000099e00000, 0x0000000099d00000| Untracked 
| 414|0x0000000099e00000, 0x0000000099e00000, 0x0000000099f00000|  0%| F|  |TAMS 0x0000000099e00000, 0x0000000099e00000| Untracked 
| 415|0x0000000099f00000, 0x0000000099f00000, 0x000000009a000000|  0%| F|  |TAMS 0x0000000099f00000, 0x0000000099f00000| Untracked 
| 416|0x000000009a000000, 0x000000009a100000, 0x000000009a100000|100%| O|  |TAMS 0x000000009a100000, 0x000000009a000000| Untracked 
| 417|0x000000009a100000, 0x000000009a200000, 0x000000009a200000|100%| O|  |TAMS 0x000000009a200000, 0x000000009a100000| Untracked 
| 418|0x000000009a200000, 0x000000009a200000, 0x000000009a300000|  0%| F|  |TAMS 0x000000009a200000, 0x000000009a200000| Untracked 
| 419|0x000000009a300000, 0x000000009a300000, 0x000000009a400000|  0%| F|  |TAMS 0x000000009a300000, 0x000000009a300000| Untracked 
| 420|0x000000009a400000, 0x000000009a400000, 0x000000009a500000|  0%| F|  |TAMS 0x000000009a400000, 0x000000009a400000| Untracked 
| 421|0x000000009a500000, 0x000000009a500000, 0x000000009a600000|  0%| F|  |TAMS 0x000000009a500000, 0x000000009a500000| Untracked 
| 422|0x000000009a600000, 0x000000009a600000, 0x000000009a700000|  0%| F|  |TAMS 0x000000009a600000, 0x000000009a600000| Untracked 
| 423|0x000000009a700000, 0x000000009a700000, 0x000000009a800000|  0%| F|  |TAMS 0x000000009a700000, 0x000000009a700000| Untracked 
| 424|0x000000009a800000, 0x000000009a800000, 0x000000009a900000|  0%| F|  |TAMS 0x000000009a800000, 0x000000009a800000| Untracked 
| 425|0x000000009a900000, 0x000000009a900000, 0x000000009aa00000|  0%| F|  |TAMS 0x000000009a900000, 0x000000009a900000| Untracked 
| 426|0x000000009aa00000, 0x000000009aa00000, 0x000000009ab00000|  0%| F|  |TAMS 0x000000009aa00000, 0x000000009aa00000| Untracked 
| 427|0x000000009ab00000, 0x000000009ab00000, 0x000000009ac00000|  0%| F|  |TAMS 0x000000009ab00000, 0x000000009ab00000| Untracked 
| 428|0x000000009ac00000, 0x000000009ac00000, 0x000000009ad00000|  0%| F|  |TAMS 0x000000009ac00000, 0x000000009ac00000| Untracked 
| 429|0x000000009ad00000, 0x000000009ad00000, 0x000000009ae00000|  0%| F|  |TAMS 0x000000009ad00000, 0x000000009ad00000| Untracked 
| 430|0x000000009ae00000, 0x000000009ae00000, 0x000000009af00000|  0%| F|  |TAMS 0x000000009ae00000, 0x000000009ae00000| Untracked 
| 431|0x000000009af00000, 0x000000009af00000, 0x000000009b000000|  0%| F|  |TAMS 0x000000009af00000, 0x000000009af00000| Untracked 
| 432|0x000000009b000000, 0x000000009b000000, 0x000000009b100000|  0%| F|  |TAMS 0x000000009b000000, 0x000000009b000000| Untracked 
| 433|0x000000009b100000, 0x000000009b100000, 0x000000009b200000|  0%| F|  |TAMS 0x000000009b100000, 0x000000009b100000| Untracked 
| 434|0x000000009b200000, 0x000000009b200000, 0x000000009b300000|  0%| F|  |TAMS 0x000000009b200000, 0x000000009b200000| Untracked 
| 435|0x000000009b300000, 0x000000009b400000, 0x000000009b400000|100%| O|  |TAMS 0x000000009b400000, 0x000000009b300000| Untracked 
| 436|0x000000009b400000, 0x000000009b400000, 0x000000009b500000|  0%| F|  |TAMS 0x000000009b400000, 0x000000009b400000| Untracked 
| 437|0x000000009b500000, 0x000000009b500000, 0x000000009b600000|  0%| F|  |TAMS 0x000000009b500000, 0x000000009b500000| Untracked 
| 438|0x000000009b600000, 0x000000009b600000, 0x000000009b700000|  0%| F|  |TAMS 0x000000009b600000, 0x000000009b600000| Untracked 
| 439|0x000000009b700000, 0x000000009b700000, 0x000000009b800000|  0%| F|  |TAMS 0x000000009b700000, 0x000000009b700000| Untracked 
| 440|0x000000009b800000, 0x000000009b800000, 0x000000009b900000|  0%| F|  |TAMS 0x000000009b800000, 0x000000009b800000| Untracked 
| 441|0x000000009b900000, 0x000000009b900000, 0x000000009ba00000|  0%| F|  |TAMS 0x000000009b900000, 0x000000009b900000| Untracked 
| 442|0x000000009ba00000, 0x000000009ba00000, 0x000000009bb00000|  0%| F|  |TAMS 0x000000009ba00000, 0x000000009ba00000| Untracked 
| 443|0x000000009bb00000, 0x000000009bb00000, 0x000000009bc00000|  0%| F|  |TAMS 0x000000009bb00000, 0x000000009bb00000| Untracked 
| 444|0x000000009bc00000, 0x000000009bc00000, 0x000000009bd00000|  0%| F|  |TAMS 0x000000009bc00000, 0x000000009bc00000| Untracked 
| 445|0x000000009bd00000, 0x000000009bd00000, 0x000000009be00000|  0%| F|  |TAMS 0x000000009bd00000, 0x000000009bd00000| Untracked 
| 446|0x000000009be00000, 0x000000009be00000, 0x000000009bf00000|  0%| F|  |TAMS 0x000000009be00000, 0x000000009be00000| Untracked 
| 447|0x000000009bf00000, 0x000000009bf00000, 0x000000009c000000|  0%| F|  |TAMS 0x000000009bf00000, 0x000000009bf00000| Untracked 
| 448|0x000000009c000000, 0x000000009c000000, 0x000000009c100000|  0%| F|  |TAMS 0x000000009c000000, 0x000000009c000000| Untracked 
| 449|0x000000009c100000, 0x000000009c200000, 0x000000009c200000|100%| O|  |TAMS 0x000000009c1d4400, 0x000000009c100000| Untracked 
| 450|0x000000009c200000, 0x000000009c300000, 0x000000009c300000|100%|HS|  |TAMS 0x000000009c300000, 0x000000009c200000| Complete 
| 451|0x000000009c300000, 0x000000009c400000, 0x000000009c400000|100%|HC|  |TAMS 0x000000009c400000, 0x000000009c300000| Complete 
| 452|0x000000009c400000, 0x000000009c500000, 0x000000009c500000|100%|HC|  |TAMS 0x000000009c500000, 0x000000009c400000| Complete 
| 453|0x000000009c500000, 0x000000009c600000, 0x000000009c600000|100%|HS|  |TAMS 0x000000009c600000, 0x000000009c500000| Complete 
| 454|0x000000009c600000, 0x000000009c700000, 0x000000009c700000|100%|HC|  |TAMS 0x000000009c700000, 0x000000009c600000| Complete 
| 455|0x000000009c700000, 0x000000009c800000, 0x000000009c800000|100%|HS|  |TAMS 0x000000009c800000, 0x000000009c700000| Complete 
| 456|0x000000009c800000, 0x000000009c900000, 0x000000009c900000|100%|HS|  |TAMS 0x000000009c800000, 0x000000009c800000| Complete 
| 457|0x000000009c900000, 0x000000009ca00000, 0x000000009ca00000|100%|HS|  |TAMS 0x000000009c900000, 0x000000009c900000| Complete 
| 458|0x000000009ca00000, 0x000000009cb00000, 0x000000009cb00000|100%|HC|  |TAMS 0x000000009ca00000, 0x000000009ca00000| Complete 
| 459|0x000000009cb00000, 0x000000009cc00000, 0x000000009cc00000|100%|HS|  |TAMS 0x000000009cb00000, 0x000000009cb00000| Complete 
| 460|0x000000009cc00000, 0x000000009cd00000, 0x000000009cd00000|100%|HS|  |TAMS 0x000000009cc00000, 0x000000009cc00000| Complete 
| 461|0x000000009cd00000, 0x000000009ce00000, 0x000000009ce00000|100%|HC|  |TAMS 0x000000009cd00000, 0x000000009cd00000| Complete 
| 462|0x000000009ce00000, 0x000000009cf00000, 0x000000009cf00000|100%|HS|  |TAMS 0x000000009ce00000, 0x000000009ce00000| Complete 
| 463|0x000000009cf00000, 0x000000009d000000, 0x000000009d000000|100%|HC|  |TAMS 0x000000009cf00000, 0x000000009cf00000| Complete 
| 464|0x000000009d000000, 0x000000009d100000, 0x000000009d100000|100%|HC|  |TAMS 0x000000009d000000, 0x000000009d000000| Complete 
| 465|0x000000009d100000, 0x000000009d200000, 0x000000009d200000|100%| O|  |TAMS 0x000000009d100000, 0x000000009d100000| Untracked 
| 466|0x000000009d200000, 0x000000009d300000, 0x000000009d300000|100%| O|  |TAMS 0x000000009d200000, 0x000000009d200000| Untracked 
| 467|0x000000009d300000, 0x000000009d300000, 0x000000009d400000|  0%| F|  |TAMS 0x000000009d300000, 0x000000009d300000| Untracked 
| 468|0x000000009d400000, 0x000000009d400000, 0x000000009d500000|  0%| F|  |TAMS 0x000000009d400000, 0x000000009d400000| Untracked 
| 469|0x000000009d500000, 0x000000009d500000, 0x000000009d600000|  0%| F|  |TAMS 0x000000009d500000, 0x000000009d500000| Untracked 
| 470|0x000000009d600000, 0x000000009d600000, 0x000000009d700000|  0%| F|  |TAMS 0x000000009d600000, 0x000000009d600000| Untracked 
| 471|0x000000009d700000, 0x000000009d700000, 0x000000009d800000|  0%| F|  |TAMS 0x000000009d700000, 0x000000009d700000| Untracked 
| 472|0x000000009d800000, 0x000000009d800000, 0x000000009d900000|  0%| F|  |TAMS 0x000000009d800000, 0x000000009d800000| Untracked 
| 473|0x000000009d900000, 0x000000009d900000, 0x000000009da00000|  0%| F|  |TAMS 0x000000009d900000, 0x000000009d900000| Untracked 
| 474|0x000000009da00000, 0x000000009da00000, 0x000000009db00000|  0%| F|  |TAMS 0x000000009da00000, 0x000000009da00000| Untracked 
| 475|0x000000009db00000, 0x000000009db00000, 0x000000009dc00000|  0%| F|  |TAMS 0x000000009db00000, 0x000000009db00000| Untracked 
| 476|0x000000009dc00000, 0x000000009dc00000, 0x000000009dd00000|  0%| F|  |TAMS 0x000000009dc00000, 0x000000009dc00000| Untracked 
| 477|0x000000009dd00000, 0x000000009dd00000, 0x000000009de00000|  0%| F|  |TAMS 0x000000009dd00000, 0x000000009dd00000| Untracked 
| 478|0x000000009de00000, 0x000000009de00000, 0x000000009df00000|  0%| F|  |TAMS 0x000000009de00000, 0x000000009de00000| Untracked 
| 479|0x000000009df00000, 0x000000009df00000, 0x000000009e000000|  0%| F|  |TAMS 0x000000009df00000, 0x000000009df00000| Untracked 
| 480|0x000000009e000000, 0x000000009e000000, 0x000000009e100000|  0%| F|  |TAMS 0x000000009e000000, 0x000000009e000000| Untracked 
| 481|0x000000009e100000, 0x000000009e100000, 0x000000009e200000|  0%| F|  |TAMS 0x000000009e100000, 0x000000009e100000| Untracked 
| 482|0x000000009e200000, 0x000000009e200000, 0x000000009e300000|  0%| F|  |TAMS 0x000000009e200000, 0x000000009e200000| Untracked 
| 483|0x000000009e300000, 0x000000009e300000, 0x000000009e400000|  0%| F|  |TAMS 0x000000009e300000, 0x000000009e300000| Untracked 
| 484|0x000000009e400000, 0x000000009e400000, 0x000000009e500000|  0%| F|  |TAMS 0x000000009e400000, 0x000000009e400000| Untracked 
| 485|0x000000009e500000, 0x000000009e500000, 0x000000009e600000|  0%| F|  |TAMS 0x000000009e500000, 0x000000009e500000| Untracked 
| 486|0x000000009e600000, 0x000000009e600000, 0x000000009e700000|  0%| F|  |TAMS 0x000000009e600000, 0x000000009e600000| Untracked 
| 487|0x000000009e700000, 0x000000009e700000, 0x000000009e800000|  0%| F|  |TAMS 0x000000009e700000, 0x000000009e700000| Untracked 
| 488|0x000000009e800000, 0x000000009e800000, 0x000000009e900000|  0%| F|  |TAMS 0x000000009e800000, 0x000000009e800000| Untracked 
| 489|0x000000009e900000, 0x000000009e900000, 0x000000009ea00000|  0%| F|  |TAMS 0x000000009e900000, 0x000000009e900000| Untracked 
| 490|0x000000009ea00000, 0x000000009ea00000, 0x000000009eb00000|  0%| F|  |TAMS 0x000000009ea00000, 0x000000009ea00000| Untracked 
| 491|0x000000009eb00000, 0x000000009eb00000, 0x000000009ec00000|  0%| F|  |TAMS 0x000000009eb00000, 0x000000009eb00000| Untracked 
| 492|0x000000009ec00000, 0x000000009ec00000, 0x000000009ed00000|  0%| F|  |TAMS 0x000000009ec00000, 0x000000009ec00000| Untracked 
| 493|0x000000009ed00000, 0x000000009ed00000, 0x000000009ee00000|  0%| F|  |TAMS 0x000000009ed00000, 0x000000009ed00000| Untracked 
| 494|0x000000009ee00000, 0x000000009ee00000, 0x000000009ef00000|  0%| F|  |TAMS 0x000000009ee00000, 0x000000009ee00000| Untracked 
| 495|0x000000009ef00000, 0x000000009ef00000, 0x000000009f000000|  0%| F|  |TAMS 0x000000009ef00000, 0x000000009ef00000| Untracked 
| 496|0x000000009f000000, 0x000000009f000000, 0x000000009f100000|  0%| F|  |TAMS 0x000000009f000000, 0x000000009f000000| Untracked 
| 497|0x000000009f100000, 0x000000009f100000, 0x000000009f200000|  0%| F|  |TAMS 0x000000009f100000, 0x000000009f100000| Untracked 
| 498|0x000000009f200000, 0x000000009f200000, 0x000000009f300000|  0%| F|  |TAMS 0x000000009f200000, 0x000000009f200000| Untracked 
| 499|0x000000009f300000, 0x000000009f300000, 0x000000009f400000|  0%| F|  |TAMS 0x000000009f300000, 0x000000009f300000| Untracked 
| 500|0x000000009f400000, 0x000000009f400000, 0x000000009f500000|  0%| F|  |TAMS 0x000000009f400000, 0x000000009f400000| Untracked 
| 501|0x000000009f500000, 0x000000009f500000, 0x000000009f600000|  0%| F|  |TAMS 0x000000009f500000, 0x000000009f500000| Untracked 
| 502|0x000000009f600000, 0x000000009f600000, 0x000000009f700000|  0%| F|  |TAMS 0x000000009f600000, 0x000000009f600000| Untracked 
| 503|0x000000009f700000, 0x000000009f700000, 0x000000009f800000|  0%| F|  |TAMS 0x000000009f700000, 0x000000009f700000| Untracked 
| 504|0x000000009f800000, 0x000000009f800000, 0x000000009f900000|  0%| F|  |TAMS 0x000000009f800000, 0x000000009f800000| Untracked 
| 505|0x000000009f900000, 0x000000009f900000, 0x000000009fa00000|  0%| F|  |TAMS 0x000000009f900000, 0x000000009f900000| Untracked 
| 506|0x000000009fa00000, 0x000000009fa00000, 0x000000009fb00000|  0%| F|  |TAMS 0x000000009fa00000, 0x000000009fa00000| Untracked 
| 507|0x000000009fb00000, 0x000000009fb00000, 0x000000009fc00000|  0%| F|  |TAMS 0x000000009fb00000, 0x000000009fb00000| Untracked 
| 508|0x000000009fc00000, 0x000000009fc00000, 0x000000009fd00000|  0%| F|  |TAMS 0x000000009fc00000, 0x000000009fc00000| Untracked 
| 509|0x000000009fd00000, 0x000000009fd00000, 0x000000009fe00000|  0%| F|  |TAMS 0x000000009fd00000, 0x000000009fd00000| Untracked 
| 510|0x000000009fe00000, 0x000000009fe00000, 0x000000009ff00000|  0%| F|  |TAMS 0x000000009fe00000, 0x000000009fe00000| Untracked 
| 511|0x000000009ff00000, 0x000000009ff00000, 0x00000000a0000000|  0%| F|  |TAMS 0x000000009ff00000, 0x000000009ff00000| Untracked 
| 512|0x00000000a0000000, 0x00000000a0000000, 0x00000000a0100000|  0%| F|  |TAMS 0x00000000a0000000, 0x00000000a0000000| Untracked 
| 513|0x00000000a0100000, 0x00000000a0100000, 0x00000000a0200000|  0%| F|  |TAMS 0x00000000a0100000, 0x00000000a0100000| Untracked 
| 514|0x00000000a0200000, 0x00000000a0200000, 0x00000000a0300000|  0%| F|  |TAMS 0x00000000a0200000, 0x00000000a0200000| Untracked 
| 515|0x00000000a0300000, 0x00000000a0400000, 0x00000000a0400000|100%| S|CS|TAMS 0x00000000a0300000, 0x00000000a0300000| Complete 
| 516|0x00000000a0400000, 0x00000000a0500000, 0x00000000a0500000|100%| S|CS|TAMS 0x00000000a0400000, 0x00000000a0400000| Complete 
| 517|0x00000000a0500000, 0x00000000a0600000, 0x00000000a0600000|100%| S|CS|TAMS 0x00000000a0500000, 0x00000000a0500000| Complete 
| 518|0x00000000a0600000, 0x00000000a0700000, 0x00000000a0700000|100%| S|CS|TAMS 0x00000000a0600000, 0x00000000a0600000| Complete 
| 519|0x00000000a0700000, 0x00000000a0800000, 0x00000000a0800000|100%| S|CS|TAMS 0x00000000a0700000, 0x00000000a0700000| Complete 
| 520|0x00000000a0800000, 0x00000000a0900000, 0x00000000a0900000|100%| S|CS|TAMS 0x00000000a0800000, 0x00000000a0800000| Complete 
| 521|0x00000000a0900000, 0x00000000a0a00000, 0x00000000a0a00000|100%| S|CS|TAMS 0x00000000a0900000, 0x00000000a0900000| Complete 
| 522|0x00000000a0a00000, 0x00000000a0b00000, 0x00000000a0b00000|100%| S|CS|TAMS 0x00000000a0a00000, 0x00000000a0a00000| Complete 
| 523|0x00000000a0b00000, 0x00000000a0c00000, 0x00000000a0c00000|100%| S|CS|TAMS 0x00000000a0b00000, 0x00000000a0b00000| Complete 
| 524|0x00000000a0c00000, 0x00000000a0d00000, 0x00000000a0d00000|100%| S|CS|TAMS 0x00000000a0c00000, 0x00000000a0c00000| Complete 
| 525|0x00000000a0d00000, 0x00000000a0e00000, 0x00000000a0e00000|100%| S|CS|TAMS 0x00000000a0d00000, 0x00000000a0d00000| Complete 
| 526|0x00000000a0e00000, 0x00000000a0f00000, 0x00000000a0f00000|100%| S|CS|TAMS 0x00000000a0e00000, 0x00000000a0e00000| Complete 
| 527|0x00000000a0f00000, 0x00000000a1000000, 0x00000000a1000000|100%| S|CS|TAMS 0x00000000a0f00000, 0x00000000a0f00000| Complete 
| 528|0x00000000a1000000, 0x00000000a1100000, 0x00000000a1100000|100%| S|CS|TAMS 0x00000000a1000000, 0x00000000a1000000| Complete 
| 529|0x00000000a1100000, 0x00000000a1200000, 0x00000000a1200000|100%| S|CS|TAMS 0x00000000a1100000, 0x00000000a1100000| Complete 
| 530|0x00000000a1200000, 0x00000000a1300000, 0x00000000a1300000|100%| S|CS|TAMS 0x00000000a1200000, 0x00000000a1200000| Complete 
| 531|0x00000000a1300000, 0x00000000a1400000, 0x00000000a1400000|100%| S|CS|TAMS 0x00000000a1300000, 0x00000000a1300000| Complete 
| 532|0x00000000a1400000, 0x00000000a1500000, 0x00000000a1500000|100%| S|CS|TAMS 0x00000000a1400000, 0x00000000a1400000| Complete 
| 533|0x00000000a1500000, 0x00000000a1600000, 0x00000000a1600000|100%| S|CS|TAMS 0x00000000a1500000, 0x00000000a1500000| Complete 
| 534|0x00000000a1600000, 0x00000000a1700000, 0x00000000a1700000|100%| S|CS|TAMS 0x00000000a1600000, 0x00000000a1600000| Complete 
| 535|0x00000000a1700000, 0x00000000a1800000, 0x00000000a1800000|100%| S|CS|TAMS 0x00000000a1700000, 0x00000000a1700000| Complete 
| 536|0x00000000a1800000, 0x00000000a1900000, 0x00000000a1900000|100%| S|CS|TAMS 0x00000000a1800000, 0x00000000a1800000| Complete 
| 537|0x00000000a1900000, 0x00000000a1a00000, 0x00000000a1a00000|100%| S|CS|TAMS 0x00000000a1900000, 0x00000000a1900000| Complete 
| 538|0x00000000a1a00000, 0x00000000a1a00000, 0x00000000a1b00000|  0%| F|  |TAMS 0x00000000a1a00000, 0x00000000a1a00000| Untracked 
| 539|0x00000000a1b00000, 0x00000000a1b00000, 0x00000000a1c00000|  0%| F|  |TAMS 0x00000000a1b00000, 0x00000000a1b00000| Untracked 
| 540|0x00000000a1c00000, 0x00000000a1c00000, 0x00000000a1d00000|  0%| F|  |TAMS 0x00000000a1c00000, 0x00000000a1c00000| Untracked 
| 541|0x00000000a1d00000, 0x00000000a1d00000, 0x00000000a1e00000|  0%| F|  |TAMS 0x00000000a1d00000, 0x00000000a1d00000| Untracked 
| 542|0x00000000a1e00000, 0x00000000a1e00000, 0x00000000a1f00000|  0%| F|  |TAMS 0x00000000a1e00000, 0x00000000a1e00000| Untracked 
| 543|0x00000000a1f00000, 0x00000000a1f00000, 0x00000000a2000000|  0%| F|  |TAMS 0x00000000a1f00000, 0x00000000a1f00000| Untracked 
| 544|0x00000000a2000000, 0x00000000a2000000, 0x00000000a2100000|  0%| F|  |TAMS 0x00000000a2000000, 0x00000000a2000000| Untracked 
| 545|0x00000000a2100000, 0x00000000a2100000, 0x00000000a2200000|  0%| F|  |TAMS 0x00000000a2100000, 0x00000000a2100000| Untracked 
| 546|0x00000000a2200000, 0x00000000a2200000, 0x00000000a2300000|  0%| F|  |TAMS 0x00000000a2200000, 0x00000000a2200000| Untracked 
| 547|0x00000000a2300000, 0x00000000a2300000, 0x00000000a2400000|  0%| F|  |TAMS 0x00000000a2300000, 0x00000000a2300000| Untracked 
| 548|0x00000000a2400000, 0x00000000a2400000, 0x00000000a2500000|  0%| F|  |TAMS 0x00000000a2400000, 0x00000000a2400000| Untracked 
| 549|0x00000000a2500000, 0x00000000a2500000, 0x00000000a2600000|  0%| F|  |TAMS 0x00000000a2500000, 0x00000000a2500000| Untracked 
| 550|0x00000000a2600000, 0x00000000a2600000, 0x00000000a2700000|  0%| F|  |TAMS 0x00000000a2600000, 0x00000000a2600000| Untracked 
| 551|0x00000000a2700000, 0x00000000a2700000, 0x00000000a2800000|  0%| F|  |TAMS 0x00000000a2700000, 0x00000000a2700000| Untracked 
| 552|0x00000000a2800000, 0x00000000a2800000, 0x00000000a2900000|  0%| F|  |TAMS 0x00000000a2800000, 0x00000000a2800000| Untracked 
| 553|0x00000000a2900000, 0x00000000a2900000, 0x00000000a2a00000|  0%| F|  |TAMS 0x00000000a2900000, 0x00000000a2900000| Untracked 
| 554|0x00000000a2a00000, 0x00000000a2a00000, 0x00000000a2b00000|  0%| F|  |TAMS 0x00000000a2a00000, 0x00000000a2a00000| Untracked 
| 555|0x00000000a2b00000, 0x00000000a2b00000, 0x00000000a2c00000|  0%| F|  |TAMS 0x00000000a2b00000, 0x00000000a2b00000| Untracked 
| 556|0x00000000a2c00000, 0x00000000a2c00000, 0x00000000a2d00000|  0%| F|  |TAMS 0x00000000a2c00000, 0x00000000a2c00000| Untracked 
| 557|0x00000000a2d00000, 0x00000000a2d00000, 0x00000000a2e00000|  0%| F|  |TAMS 0x00000000a2d00000, 0x00000000a2d00000| Untracked 
| 558|0x00000000a2e00000, 0x00000000a2e00000, 0x00000000a2f00000|  0%| F|  |TAMS 0x00000000a2e00000, 0x00000000a2e00000| Untracked 
| 559|0x00000000a2f00000, 0x00000000a2f00000, 0x00000000a3000000|  0%| F|  |TAMS 0x00000000a2f00000, 0x00000000a2f00000| Untracked 
| 560|0x00000000a3000000, 0x00000000a3000000, 0x00000000a3100000|  0%| F|  |TAMS 0x00000000a3000000, 0x00000000a3000000| Untracked 
| 561|0x00000000a3100000, 0x00000000a3100000, 0x00000000a3200000|  0%| F|  |TAMS 0x00000000a3100000, 0x00000000a3100000| Untracked 
| 562|0x00000000a3200000, 0x00000000a3200000, 0x00000000a3300000|  0%| F|  |TAMS 0x00000000a3200000, 0x00000000a3200000| Untracked 
| 563|0x00000000a3300000, 0x00000000a3300000, 0x00000000a3400000|  0%| F|  |TAMS 0x00000000a3300000, 0x00000000a3300000| Untracked 
| 564|0x00000000a3400000, 0x00000000a3400000, 0x00000000a3500000|  0%| F|  |TAMS 0x00000000a3400000, 0x00000000a3400000| Untracked 
| 565|0x00000000a3500000, 0x00000000a3500000, 0x00000000a3600000|  0%| F|  |TAMS 0x00000000a3500000, 0x00000000a3500000| Untracked 
| 566|0x00000000a3600000, 0x00000000a3600000, 0x00000000a3700000|  0%| F|  |TAMS 0x00000000a3600000, 0x00000000a3600000| Untracked 
| 567|0x00000000a3700000, 0x00000000a3700000, 0x00000000a3800000|  0%| F|  |TAMS 0x00000000a3700000, 0x00000000a3700000| Untracked 
| 568|0x00000000a3800000, 0x00000000a3800000, 0x00000000a3900000|  0%| F|  |TAMS 0x00000000a3800000, 0x00000000a3800000| Untracked 
| 569|0x00000000a3900000, 0x00000000a3900000, 0x00000000a3a00000|  0%| F|  |TAMS 0x00000000a3900000, 0x00000000a3900000| Untracked 
| 570|0x00000000a3a00000, 0x00000000a3a00000, 0x00000000a3b00000|  0%| F|  |TAMS 0x00000000a3a00000, 0x00000000a3a00000| Untracked 
| 571|0x00000000a3b00000, 0x00000000a3b00000, 0x00000000a3c00000|  0%| F|  |TAMS 0x00000000a3b00000, 0x00000000a3b00000| Untracked 
| 572|0x00000000a3c00000, 0x00000000a3c00000, 0x00000000a3d00000|  0%| F|  |TAMS 0x00000000a3c00000, 0x00000000a3c00000| Untracked 
| 573|0x00000000a3d00000, 0x00000000a3d00000, 0x00000000a3e00000|  0%| F|  |TAMS 0x00000000a3d00000, 0x00000000a3d00000| Untracked 
| 574|0x00000000a3e00000, 0x00000000a3e00000, 0x00000000a3f00000|  0%| F|  |TAMS 0x00000000a3e00000, 0x00000000a3e00000| Untracked 
| 575|0x00000000a3f00000, 0x00000000a3f00000, 0x00000000a4000000|  0%| F|  |TAMS 0x00000000a3f00000, 0x00000000a3f00000| Untracked 
| 576|0x00000000a4000000, 0x00000000a4000000, 0x00000000a4100000|  0%| F|  |TAMS 0x00000000a4000000, 0x00000000a4000000| Untracked 
| 577|0x00000000a4100000, 0x00000000a4100000, 0x00000000a4200000|  0%| F|  |TAMS 0x00000000a4100000, 0x00000000a4100000| Untracked 
| 578|0x00000000a4200000, 0x00000000a4200000, 0x00000000a4300000|  0%| F|  |TAMS 0x00000000a4200000, 0x00000000a4200000| Untracked 
| 579|0x00000000a4300000, 0x00000000a4300000, 0x00000000a4400000|  0%| F|  |TAMS 0x00000000a4300000, 0x00000000a4300000| Untracked 
| 580|0x00000000a4400000, 0x00000000a4400000, 0x00000000a4500000|  0%| F|  |TAMS 0x00000000a4400000, 0x00000000a4400000| Untracked 
| 581|0x00000000a4500000, 0x00000000a4500000, 0x00000000a4600000|  0%| F|  |TAMS 0x00000000a4500000, 0x00000000a4500000| Untracked 
| 582|0x00000000a4600000, 0x00000000a4600000, 0x00000000a4700000|  0%| F|  |TAMS 0x00000000a4600000, 0x00000000a4600000| Untracked 
| 583|0x00000000a4700000, 0x00000000a4700000, 0x00000000a4800000|  0%| F|  |TAMS 0x00000000a4700000, 0x00000000a4700000| Untracked 
| 584|0x00000000a4800000, 0x00000000a4800000, 0x00000000a4900000|  0%| F|  |TAMS 0x00000000a4800000, 0x00000000a4800000| Untracked 
| 585|0x00000000a4900000, 0x00000000a4900000, 0x00000000a4a00000|  0%| F|  |TAMS 0x00000000a4900000, 0x00000000a4900000| Untracked 
| 586|0x00000000a4a00000, 0x00000000a4a00000, 0x00000000a4b00000|  0%| F|  |TAMS 0x00000000a4a00000, 0x00000000a4a00000| Untracked 
| 587|0x00000000a4b00000, 0x00000000a4b00000, 0x00000000a4c00000|  0%| F|  |TAMS 0x00000000a4b00000, 0x00000000a4b00000| Untracked 
| 588|0x00000000a4c00000, 0x00000000a4c00000, 0x00000000a4d00000|  0%| F|  |TAMS 0x00000000a4c00000, 0x00000000a4c00000| Untracked 
| 589|0x00000000a4d00000, 0x00000000a4d00000, 0x00000000a4e00000|  0%| F|  |TAMS 0x00000000a4d00000, 0x00000000a4d00000| Untracked 
| 590|0x00000000a4e00000, 0x00000000a4e00000, 0x00000000a4f00000|  0%| F|  |TAMS 0x00000000a4e00000, 0x00000000a4e00000| Untracked 
| 591|0x00000000a4f00000, 0x00000000a4f00000, 0x00000000a5000000|  0%| F|  |TAMS 0x00000000a4f00000, 0x00000000a4f00000| Untracked 
| 592|0x00000000a5000000, 0x00000000a5000000, 0x00000000a5100000|  0%| F|  |TAMS 0x00000000a5000000, 0x00000000a5000000| Untracked 
| 593|0x00000000a5100000, 0x00000000a5100000, 0x00000000a5200000|  0%| F|  |TAMS 0x00000000a5100000, 0x00000000a5100000| Untracked 
| 594|0x00000000a5200000, 0x00000000a5200000, 0x00000000a5300000|  0%| F|  |TAMS 0x00000000a5200000, 0x00000000a5200000| Untracked 
| 595|0x00000000a5300000, 0x00000000a5300000, 0x00000000a5400000|  0%| F|  |TAMS 0x00000000a5300000, 0x00000000a5300000| Untracked 
| 596|0x00000000a5400000, 0x00000000a5400000, 0x00000000a5500000|  0%| F|  |TAMS 0x00000000a5400000, 0x00000000a5400000| Untracked 
| 597|0x00000000a5500000, 0x00000000a5500000, 0x00000000a5600000|  0%| F|  |TAMS 0x00000000a5500000, 0x00000000a5500000| Untracked 
| 598|0x00000000a5600000, 0x00000000a5600000, 0x00000000a5700000|  0%| F|  |TAMS 0x00000000a5600000, 0x00000000a5600000| Untracked 
| 599|0x00000000a5700000, 0x00000000a5700000, 0x00000000a5800000|  0%| F|  |TAMS 0x00000000a5700000, 0x00000000a5700000| Untracked 
| 600|0x00000000a5800000, 0x00000000a5800000, 0x00000000a5900000|  0%| F|  |TAMS 0x00000000a5800000, 0x00000000a5800000| Untracked 
| 601|0x00000000a5900000, 0x00000000a5900000, 0x00000000a5a00000|  0%| F|  |TAMS 0x00000000a5900000, 0x00000000a5900000| Untracked 
| 602|0x00000000a5a00000, 0x00000000a5a00000, 0x00000000a5b00000|  0%| F|  |TAMS 0x00000000a5a00000, 0x00000000a5a00000| Untracked 
| 603|0x00000000a5b00000, 0x00000000a5b00000, 0x00000000a5c00000|  0%| F|  |TAMS 0x00000000a5b00000, 0x00000000a5b00000| Untracked 
| 604|0x00000000a5c00000, 0x00000000a5c00000, 0x00000000a5d00000|  0%| F|  |TAMS 0x00000000a5c00000, 0x00000000a5c00000| Untracked 
| 605|0x00000000a5d00000, 0x00000000a5d00000, 0x00000000a5e00000|  0%| F|  |TAMS 0x00000000a5d00000, 0x00000000a5d00000| Untracked 
| 606|0x00000000a5e00000, 0x00000000a5e00000, 0x00000000a5f00000|  0%| F|  |TAMS 0x00000000a5e00000, 0x00000000a5e00000| Untracked 
| 607|0x00000000a5f00000, 0x00000000a5f00000, 0x00000000a6000000|  0%| F|  |TAMS 0x00000000a5f00000, 0x00000000a5f00000| Untracked 
| 608|0x00000000a6000000, 0x00000000a6000000, 0x00000000a6100000|  0%| F|  |TAMS 0x00000000a6000000, 0x00000000a6000000| Untracked 
| 609|0x00000000a6100000, 0x00000000a6100000, 0x00000000a6200000|  0%| F|  |TAMS 0x00000000a6100000, 0x00000000a6100000| Untracked 
| 610|0x00000000a6200000, 0x00000000a6200000, 0x00000000a6300000|  0%| F|  |TAMS 0x00000000a6200000, 0x00000000a6200000| Untracked 
| 611|0x00000000a6300000, 0x00000000a6300000, 0x00000000a6400000|  0%| F|  |TAMS 0x00000000a6300000, 0x00000000a6300000| Untracked 
| 612|0x00000000a6400000, 0x00000000a6400000, 0x00000000a6500000|  0%| F|  |TAMS 0x00000000a6400000, 0x00000000a6400000| Untracked 
| 613|0x00000000a6500000, 0x00000000a6500000, 0x00000000a6600000|  0%| F|  |TAMS 0x00000000a6500000, 0x00000000a6500000| Untracked 
| 614|0x00000000a6600000, 0x00000000a6600000, 0x00000000a6700000|  0%| F|  |TAMS 0x00000000a6600000, 0x00000000a6600000| Untracked 
| 615|0x00000000a6700000, 0x00000000a6700000, 0x00000000a6800000|  0%| F|  |TAMS 0x00000000a6700000, 0x00000000a6700000| Untracked 
| 616|0x00000000a6800000, 0x00000000a6800000, 0x00000000a6900000|  0%| F|  |TAMS 0x00000000a6800000, 0x00000000a6800000| Untracked 
| 617|0x00000000a6900000, 0x00000000a6900000, 0x00000000a6a00000|  0%| F|  |TAMS 0x00000000a6900000, 0x00000000a6900000| Untracked 
| 618|0x00000000a6a00000, 0x00000000a6a00000, 0x00000000a6b00000|  0%| F|  |TAMS 0x00000000a6a00000, 0x00000000a6a00000| Untracked 
| 619|0x00000000a6b00000, 0x00000000a6b00000, 0x00000000a6c00000|  0%| F|  |TAMS 0x00000000a6b00000, 0x00000000a6b00000| Untracked 
| 620|0x00000000a6c00000, 0x00000000a6c00000, 0x00000000a6d00000|  0%| F|  |TAMS 0x00000000a6c00000, 0x00000000a6c00000| Untracked 
| 621|0x00000000a6d00000, 0x00000000a6d00000, 0x00000000a6e00000|  0%| F|  |TAMS 0x00000000a6d00000, 0x00000000a6d00000| Untracked 
| 622|0x00000000a6e00000, 0x00000000a6e00000, 0x00000000a6f00000|  0%| F|  |TAMS 0x00000000a6e00000, 0x00000000a6e00000| Untracked 
| 623|0x00000000a6f00000, 0x00000000a6f00000, 0x00000000a7000000|  0%| F|  |TAMS 0x00000000a6f00000, 0x00000000a6f00000| Untracked 
| 624|0x00000000a7000000, 0x00000000a7000000, 0x00000000a7100000|  0%| F|  |TAMS 0x00000000a7000000, 0x00000000a7000000| Untracked 
| 625|0x00000000a7100000, 0x00000000a7100000, 0x00000000a7200000|  0%| F|  |TAMS 0x00000000a7100000, 0x00000000a7100000| Untracked 
| 626|0x00000000a7200000, 0x00000000a7200000, 0x00000000a7300000|  0%| F|  |TAMS 0x00000000a7200000, 0x00000000a7200000| Untracked 
| 627|0x00000000a7300000, 0x00000000a7300000, 0x00000000a7400000|  0%| F|  |TAMS 0x00000000a7300000, 0x00000000a7300000| Untracked 
| 628|0x00000000a7400000, 0x00000000a7400000, 0x00000000a7500000|  0%| F|  |TAMS 0x00000000a7400000, 0x00000000a7400000| Untracked 
| 629|0x00000000a7500000, 0x00000000a7500000, 0x00000000a7600000|  0%| F|  |TAMS 0x00000000a7500000, 0x00000000a7500000| Untracked 
| 630|0x00000000a7600000, 0x00000000a7600000, 0x00000000a7700000|  0%| F|  |TAMS 0x00000000a7600000, 0x00000000a7600000| Untracked 
| 631|0x00000000a7700000, 0x00000000a7700000, 0x00000000a7800000|  0%| F|  |TAMS 0x00000000a7700000, 0x00000000a7700000| Untracked 
| 632|0x00000000a7800000, 0x00000000a7800000, 0x00000000a7900000|  0%| F|  |TAMS 0x00000000a7800000, 0x00000000a7800000| Untracked 
| 633|0x00000000a7900000, 0x00000000a7900000, 0x00000000a7a00000|  0%| F|  |TAMS 0x00000000a7900000, 0x00000000a7900000| Untracked 
| 634|0x00000000a7a00000, 0x00000000a7a00000, 0x00000000a7b00000|  0%| F|  |TAMS 0x00000000a7a00000, 0x00000000a7a00000| Untracked 
| 635|0x00000000a7b00000, 0x00000000a7b00000, 0x00000000a7c00000|  0%| F|  |TAMS 0x00000000a7b00000, 0x00000000a7b00000| Untracked 
| 636|0x00000000a7c00000, 0x00000000a7c00000, 0x00000000a7d00000|  0%| F|  |TAMS 0x00000000a7c00000, 0x00000000a7c00000| Untracked 
| 637|0x00000000a7d00000, 0x00000000a7d00000, 0x00000000a7e00000|  0%| F|  |TAMS 0x00000000a7d00000, 0x00000000a7d00000| Untracked 
| 638|0x00000000a7e00000, 0x00000000a7e00000, 0x00000000a7f00000|  0%| F|  |TAMS 0x00000000a7e00000, 0x00000000a7e00000| Untracked 
| 639|0x00000000a7f00000, 0x00000000a7f00000, 0x00000000a8000000|  0%| F|  |TAMS 0x00000000a7f00000, 0x00000000a7f00000| Untracked 
| 640|0x00000000a8000000, 0x00000000a8000000, 0x00000000a8100000|  0%| F|  |TAMS 0x00000000a8000000, 0x00000000a8000000| Untracked 
| 641|0x00000000a8100000, 0x00000000a8100000, 0x00000000a8200000|  0%| F|  |TAMS 0x00000000a8100000, 0x00000000a8100000| Untracked 
| 642|0x00000000a8200000, 0x00000000a8200000, 0x00000000a8300000|  0%| F|  |TAMS 0x00000000a8200000, 0x00000000a8200000| Untracked 
| 643|0x00000000a8300000, 0x00000000a8300000, 0x00000000a8400000|  0%| F|  |TAMS 0x00000000a8300000, 0x00000000a8300000| Untracked 
| 644|0x00000000a8400000, 0x00000000a8400000, 0x00000000a8500000|  0%| F|  |TAMS 0x00000000a8400000, 0x00000000a8400000| Untracked 
| 645|0x00000000a8500000, 0x00000000a8500000, 0x00000000a8600000|  0%| F|  |TAMS 0x00000000a8500000, 0x00000000a8500000| Untracked 
| 646|0x00000000a8600000, 0x00000000a8600000, 0x00000000a8700000|  0%| F|  |TAMS 0x00000000a8600000, 0x00000000a8600000| Untracked 
| 647|0x00000000a8700000, 0x00000000a8700000, 0x00000000a8800000|  0%| F|  |TAMS 0x00000000a8700000, 0x00000000a8700000| Untracked 
| 648|0x00000000a8800000, 0x00000000a8800000, 0x00000000a8900000|  0%| F|  |TAMS 0x00000000a8800000, 0x00000000a8800000| Untracked 
| 649|0x00000000a8900000, 0x00000000a8900000, 0x00000000a8a00000|  0%| F|  |TAMS 0x00000000a8900000, 0x00000000a8900000| Untracked 
| 650|0x00000000a8a00000, 0x00000000a8a00000, 0x00000000a8b00000|  0%| F|  |TAMS 0x00000000a8a00000, 0x00000000a8a00000| Untracked 
| 651|0x00000000a8b00000, 0x00000000a8b00000, 0x00000000a8c00000|  0%| F|  |TAMS 0x00000000a8b00000, 0x00000000a8b00000| Untracked 
| 652|0x00000000a8c00000, 0x00000000a8c00000, 0x00000000a8d00000|  0%| F|  |TAMS 0x00000000a8c00000, 0x00000000a8c00000| Untracked 
| 653|0x00000000a8d00000, 0x00000000a8d00000, 0x00000000a8e00000|  0%| F|  |TAMS 0x00000000a8d00000, 0x00000000a8d00000| Untracked 
| 654|0x00000000a8e00000, 0x00000000a8e00000, 0x00000000a8f00000|  0%| F|  |TAMS 0x00000000a8e00000, 0x00000000a8e00000| Untracked 
| 655|0x00000000a8f00000, 0x00000000a8f00000, 0x00000000a9000000|  0%| F|  |TAMS 0x00000000a8f00000, 0x00000000a8f00000| Untracked 
| 656|0x00000000a9000000, 0x00000000a9000000, 0x00000000a9100000|  0%| F|  |TAMS 0x00000000a9000000, 0x00000000a9000000| Untracked 
| 657|0x00000000a9100000, 0x00000000a9100000, 0x00000000a9200000|  0%| F|  |TAMS 0x00000000a9100000, 0x00000000a9100000| Untracked 
| 658|0x00000000a9200000, 0x00000000a9200000, 0x00000000a9300000|  0%| F|  |TAMS 0x00000000a9200000, 0x00000000a9200000| Untracked 
| 659|0x00000000a9300000, 0x00000000a9300000, 0x00000000a9400000|  0%| F|  |TAMS 0x00000000a9300000, 0x00000000a9300000| Untracked 
| 660|0x00000000a9400000, 0x00000000a9400000, 0x00000000a9500000|  0%| F|  |TAMS 0x00000000a9400000, 0x00000000a9400000| Untracked 
| 661|0x00000000a9500000, 0x00000000a9500000, 0x00000000a9600000|  0%| F|  |TAMS 0x00000000a9500000, 0x00000000a9500000| Untracked 
| 662|0x00000000a9600000, 0x00000000a9600000, 0x00000000a9700000|  0%| F|  |TAMS 0x00000000a9600000, 0x00000000a9600000| Untracked 
| 663|0x00000000a9700000, 0x00000000a9700000, 0x00000000a9800000|  0%| F|  |TAMS 0x00000000a9700000, 0x00000000a9700000| Untracked 
| 664|0x00000000a9800000, 0x00000000a9800000, 0x00000000a9900000|  0%| F|  |TAMS 0x00000000a9800000, 0x00000000a9800000| Untracked 
| 665|0x00000000a9900000, 0x00000000a9900000, 0x00000000a9a00000|  0%| F|  |TAMS 0x00000000a9900000, 0x00000000a9900000| Untracked 
| 666|0x00000000a9a00000, 0x00000000a9a00000, 0x00000000a9b00000|  0%| F|  |TAMS 0x00000000a9a00000, 0x00000000a9a00000| Untracked 
| 667|0x00000000a9b00000, 0x00000000a9b00000, 0x00000000a9c00000|  0%| F|  |TAMS 0x00000000a9b00000, 0x00000000a9b00000| Untracked 
| 668|0x00000000a9c00000, 0x00000000a9c00000, 0x00000000a9d00000|  0%| F|  |TAMS 0x00000000a9c00000, 0x00000000a9c00000| Untracked 
| 669|0x00000000a9d00000, 0x00000000a9d00000, 0x00000000a9e00000|  0%| F|  |TAMS 0x00000000a9d00000, 0x00000000a9d00000| Untracked 
| 670|0x00000000a9e00000, 0x00000000a9e00000, 0x00000000a9f00000|  0%| F|  |TAMS 0x00000000a9e00000, 0x00000000a9e00000| Untracked 
| 671|0x00000000a9f00000, 0x00000000a9f00000, 0x00000000aa000000|  0%| F|  |TAMS 0x00000000a9f00000, 0x00000000a9f00000| Untracked 
| 672|0x00000000aa000000, 0x00000000aa000000, 0x00000000aa100000|  0%| F|  |TAMS 0x00000000aa000000, 0x00000000aa000000| Untracked 
| 673|0x00000000aa100000, 0x00000000aa100000, 0x00000000aa200000|  0%| F|  |TAMS 0x00000000aa100000, 0x00000000aa100000| Untracked 
| 674|0x00000000aa200000, 0x00000000aa200000, 0x00000000aa300000|  0%| F|  |TAMS 0x00000000aa200000, 0x00000000aa200000| Untracked 
| 675|0x00000000aa300000, 0x00000000aa300000, 0x00000000aa400000|  0%| F|  |TAMS 0x00000000aa300000, 0x00000000aa300000| Untracked 
| 676|0x00000000aa400000, 0x00000000aa400000, 0x00000000aa500000|  0%| F|  |TAMS 0x00000000aa400000, 0x00000000aa400000| Untracked 
| 677|0x00000000aa500000, 0x00000000aa500000, 0x00000000aa600000|  0%| F|  |TAMS 0x00000000aa500000, 0x00000000aa500000| Untracked 
| 678|0x00000000aa600000, 0x00000000aa600000, 0x00000000aa700000|  0%| F|  |TAMS 0x00000000aa600000, 0x00000000aa600000| Untracked 
| 679|0x00000000aa700000, 0x00000000aa700000, 0x00000000aa800000|  0%| F|  |TAMS 0x00000000aa700000, 0x00000000aa700000| Untracked 
| 680|0x00000000aa800000, 0x00000000aa800000, 0x00000000aa900000|  0%| F|  |TAMS 0x00000000aa800000, 0x00000000aa800000| Untracked 
| 681|0x00000000aa900000, 0x00000000aa900000, 0x00000000aaa00000|  0%| F|  |TAMS 0x00000000aa900000, 0x00000000aa900000| Untracked 
| 682|0x00000000aaa00000, 0x00000000aaa00000, 0x00000000aab00000|  0%| F|  |TAMS 0x00000000aaa00000, 0x00000000aaa00000| Untracked 
| 683|0x00000000aab00000, 0x00000000aab00000, 0x00000000aac00000|  0%| F|  |TAMS 0x00000000aab00000, 0x00000000aab00000| Untracked 
| 684|0x00000000aac00000, 0x00000000aac00000, 0x00000000aad00000|  0%| F|  |TAMS 0x00000000aac00000, 0x00000000aac00000| Untracked 
| 685|0x00000000aad00000, 0x00000000aad00000, 0x00000000aae00000|  0%| F|  |TAMS 0x00000000aad00000, 0x00000000aad00000| Untracked 
| 686|0x00000000aae00000, 0x00000000aae00000, 0x00000000aaf00000|  0%| F|  |TAMS 0x00000000aae00000, 0x00000000aae00000| Untracked 
| 687|0x00000000aaf00000, 0x00000000aaf00000, 0x00000000ab000000|  0%| F|  |TAMS 0x00000000aaf00000, 0x00000000aaf00000| Untracked 
| 688|0x00000000ab000000, 0x00000000ab000000, 0x00000000ab100000|  0%| F|  |TAMS 0x00000000ab000000, 0x00000000ab000000| Untracked 
| 689|0x00000000ab100000, 0x00000000ab100000, 0x00000000ab200000|  0%| F|  |TAMS 0x00000000ab100000, 0x00000000ab100000| Untracked 
| 690|0x00000000ab200000, 0x00000000ab200000, 0x00000000ab300000|  0%| F|  |TAMS 0x00000000ab200000, 0x00000000ab200000| Untracked 
| 691|0x00000000ab300000, 0x00000000ab300000, 0x00000000ab400000|  0%| F|  |TAMS 0x00000000ab300000, 0x00000000ab300000| Untracked 
| 692|0x00000000ab400000, 0x00000000ab400000, 0x00000000ab500000|  0%| F|  |TAMS 0x00000000ab400000, 0x00000000ab400000| Untracked 
| 693|0x00000000ab500000, 0x00000000ab500000, 0x00000000ab600000|  0%| F|  |TAMS 0x00000000ab500000, 0x00000000ab500000| Untracked 
| 694|0x00000000ab600000, 0x00000000ab600000, 0x00000000ab700000|  0%| F|  |TAMS 0x00000000ab600000, 0x00000000ab600000| Untracked 
| 695|0x00000000ab700000, 0x00000000ab700000, 0x00000000ab800000|  0%| F|  |TAMS 0x00000000ab700000, 0x00000000ab700000| Untracked 
| 696|0x00000000ab800000, 0x00000000ab800000, 0x00000000ab900000|  0%| F|  |TAMS 0x00000000ab800000, 0x00000000ab800000| Untracked 
| 697|0x00000000ab900000, 0x00000000ab900000, 0x00000000aba00000|  0%| F|  |TAMS 0x00000000ab900000, 0x00000000ab900000| Untracked 
| 698|0x00000000aba00000, 0x00000000aba00000, 0x00000000abb00000|  0%| F|  |TAMS 0x00000000aba00000, 0x00000000aba00000| Untracked 
| 699|0x00000000abb00000, 0x00000000abb00000, 0x00000000abc00000|  0%| F|  |TAMS 0x00000000abb00000, 0x00000000abb00000| Untracked 
| 700|0x00000000abc00000, 0x00000000abc00000, 0x00000000abd00000|  0%| F|  |TAMS 0x00000000abc00000, 0x00000000abc00000| Untracked 
| 701|0x00000000abd00000, 0x00000000abd00000, 0x00000000abe00000|  0%| F|  |TAMS 0x00000000abd00000, 0x00000000abd00000| Untracked 
| 702|0x00000000abe00000, 0x00000000abe00000, 0x00000000abf00000|  0%| F|  |TAMS 0x00000000abe00000, 0x00000000abe00000| Untracked 
| 703|0x00000000abf00000, 0x00000000abf00000, 0x00000000ac000000|  0%| F|  |TAMS 0x00000000abf00000, 0x00000000abf00000| Untracked 
| 704|0x00000000ac000000, 0x00000000ac000000, 0x00000000ac100000|  0%| F|  |TAMS 0x00000000ac000000, 0x00000000ac000000| Untracked 
| 705|0x00000000ac100000, 0x00000000ac100000, 0x00000000ac200000|  0%| F|  |TAMS 0x00000000ac100000, 0x00000000ac100000| Untracked 
| 706|0x00000000ac200000, 0x00000000ac200000, 0x00000000ac300000|  0%| F|  |TAMS 0x00000000ac200000, 0x00000000ac200000| Untracked 
| 707|0x00000000ac300000, 0x00000000ac300000, 0x00000000ac400000|  0%| F|  |TAMS 0x00000000ac300000, 0x00000000ac300000| Untracked 
| 708|0x00000000ac400000, 0x00000000ac400000, 0x00000000ac500000|  0%| F|  |TAMS 0x00000000ac400000, 0x00000000ac400000| Untracked 
| 709|0x00000000ac500000, 0x00000000ac500000, 0x00000000ac600000|  0%| F|  |TAMS 0x00000000ac500000, 0x00000000ac500000| Untracked 
| 710|0x00000000ac600000, 0x00000000ac600000, 0x00000000ac700000|  0%| F|  |TAMS 0x00000000ac600000, 0x00000000ac600000| Untracked 
| 711|0x00000000ac700000, 0x00000000ac700000, 0x00000000ac800000|  0%| F|  |TAMS 0x00000000ac700000, 0x00000000ac700000| Untracked 
| 712|0x00000000ac800000, 0x00000000ac800000, 0x00000000ac900000|  0%| F|  |TAMS 0x00000000ac800000, 0x00000000ac800000| Untracked 
| 713|0x00000000ac900000, 0x00000000ac900000, 0x00000000aca00000|  0%| F|  |TAMS 0x00000000ac900000, 0x00000000ac900000| Untracked 
| 714|0x00000000aca00000, 0x00000000aca00000, 0x00000000acb00000|  0%| F|  |TAMS 0x00000000aca00000, 0x00000000aca00000| Untracked 
| 715|0x00000000acb00000, 0x00000000acb00000, 0x00000000acc00000|  0%| F|  |TAMS 0x00000000acb00000, 0x00000000acb00000| Untracked 
| 716|0x00000000acc00000, 0x00000000acc00000, 0x00000000acd00000|  0%| F|  |TAMS 0x00000000acc00000, 0x00000000acc00000| Untracked 
| 717|0x00000000acd00000, 0x00000000acd00000, 0x00000000ace00000|  0%| F|  |TAMS 0x00000000acd00000, 0x00000000acd00000| Untracked 
| 718|0x00000000ace00000, 0x00000000ace00000, 0x00000000acf00000|  0%| F|  |TAMS 0x00000000ace00000, 0x00000000ace00000| Untracked 
| 719|0x00000000acf00000, 0x00000000acf00000, 0x00000000ad000000|  0%| F|  |TAMS 0x00000000acf00000, 0x00000000acf00000| Untracked 

Card table byte_map: [0x0000021d728b0000,0x0000021d72cb0000] _byte_map_base: 0x0000021d724b0000

Marking Bits (Prev, Next): (CMBitMap*) 0x0000021d6a8b1020, (CMBitMap*) 0x0000021d6a8b1060
 Prev Bits: [0x0000021d730b0000, 0x0000021d750b0000)
 Next Bits: [0x0000021d750b0000, 0x0000021d770b0000)

Polling page: 0x0000021d686f0000

Metaspace:

Usage:
  Non-class:    154.88 MB used.
      Class:     23.65 MB used.
       Both:    178.53 MB used.

Virtual space:
  Non-class space:      192.00 MB reserved,     155.94 MB ( 81%) committed,  3 nodes.
      Class space:      416.00 MB reserved,      24.62 MB (  6%) committed,  1 nodes.
             Both:      608.00 MB reserved,     180.56 MB ( 30%) committed. 

Chunk freelists:
   Non-Class:  3.70 MB
       Class:  7.28 MB
        Both:  10.98 MB

MaxMetaspaceSize: 512.00 MB
CompressedClassSpaceSize: 416.00 MB
Initial GC threshold: 21.00 MB
Current GC threshold: 299.19 MB
CDS: on
MetaspaceReclaimPolicy: balanced
 - commit_granule_bytes: 65536.
 - commit_granule_words: 8192.
 - virtual_space_node_default_size: 8388608.
 - enlarge_chunks_in_place: 1.
 - new_chunks_are_fully_committed: 0.
 - uncommit_free_chunks: 1.
 - use_allocation_guard: 0.
 - handle_deallocations: 1.


Internal statistics:

num_allocs_failed_limit: 18.
num_arena_births: 3570.
num_arena_deaths: 42.
num_vsnodes_births: 4.
num_vsnodes_deaths: 0.
num_space_committed: 2898.
num_space_uncommitted: 11.
num_chunks_returned_to_freelist: 143.
num_chunks_taken_from_freelist: 12147.
num_chunk_merges: 38.
num_chunk_splits: 7516.
num_chunks_enlarged: 4417.
num_inconsistent_stats: 0.

CodeHeap 'non-profiled nmethods': size=120000Kb used=27052Kb max_used=27052Kb free=92947Kb
 bounds [0x0000021d07ad0000, 0x0000021d09540000, 0x0000021d0f000000]
CodeHeap 'profiled nmethods': size=120000Kb used=63584Kb max_used=63584Kb free=56415Kb
 bounds [0x0000021d00000000, 0x0000021d03e60000, 0x0000021d07530000]
CodeHeap 'non-nmethods': size=5760Kb used=2619Kb max_used=2687Kb free=3140Kb
 bounds [0x0000021d07530000, 0x0000021d077f0000, 0x0000021d07ad0000]
 total_blobs=32443 nmethods=31265 adapters=1087
 compilation: enabled
              stopped_count=0, restarted_count=0
 full_count=0

Compilation events (20 events):
Event: 601.488 Thread 0x0000021d798ce810 nmethod 40964 0x0000021d09538390 code [0x0000021d09538640, 0x0000021d09539ba0]
Event: 601.488 Thread 0x0000021d798ced30 40982       3       com.android.tools.r8.internal.Yt0::a (736 bytes)
Event: 601.489 Thread 0x0000021d798ce810 40933       4       com.android.tools.r8.graph.G2::equals (59 bytes)
Event: 601.491 Thread 0x0000021d798ce810 nmethod 40933 0x0000021d0953ac90 code [0x0000021d0953ae20, 0x0000021d0953af58]
Event: 601.491 Thread 0x0000021d798ce810 40972       4       com.android.tools.r8.internal.Yt0::a (34 bytes)
Event: 601.493 Thread 0x0000021d798ced30 nmethod 40982 0x0000021d0277d690 code [0x0000021d0277dca0, 0x0000021d02782098]
Event: 601.495 Thread 0x0000021d798ced30 40985       3       com.android.tools.r8.internal.yW::d (5 bytes)
Event: 601.495 Thread 0x0000021d798ced30 nmethod 40985 0x0000021d024ca290 code [0x0000021d024ca440, 0x0000021d024ca658]
Event: 601.495 Thread 0x0000021d798ced30 40986       3       com.android.tools.r8.graph.j1$$Lambda$4622/0x0000021d11875eb8::accept (28 bytes)
Event: 601.495 Thread 0x0000021d798ced30 nmethod 40986 0x0000021d024c9d90 code [0x0000021d024c9f40, 0x0000021d024ca1a8]
Event: 601.495 Thread 0x0000021d798ced30 40987       3       com.android.tools.r8.graph.u1$$Lambda$4623/0x0000021d118764b8::apply (8 bytes)
Event: 601.495 Thread 0x0000021d798ced30 nmethod 40987 0x0000021d024c9890 code [0x0000021d024c9a40, 0x0000021d024c9c98]
Event: 601.497 Thread 0x0000021d798ced30 40989       3       com.android.tools.r8.internal.Ao::a (126 bytes)
Event: 601.497 Thread 0x0000021d798ced30 nmethod 40989 0x0000021d024c8510 code [0x0000021d024c8760, 0x0000021d024c94b8]
Event: 601.497 Thread 0x0000021d798ced30 40990       3       com.android.tools.r8.internal.q70::k (11 bytes)
Event: 601.498 Thread 0x0000021d798ced30 nmethod 40990 0x0000021d024c8110 code [0x0000021d024c82c0, 0x0000021d024c8438]
Event: 601.498 Thread 0x0000021d798ced30 40988       3       com.android.tools.r8.graph.W0::q0 (12 bytes)
Event: 601.498 Thread 0x0000021d798ced30 nmethod 40988 0x0000021d024c7c90 code [0x0000021d024c7e40, 0x0000021d024c8068]
Event: 601.502 Thread 0x0000021d798ced30 40991 % !   3       java.util.Map::forEach @ 17 (81 bytes)
Event: 601.503 Thread 0x0000021d798ced30 nmethod 40991% 0x0000021d024c6b90 code [0x0000021d024c6e00, 0x0000021d024c7908]

GC Heap History (20 events):
Event: 591.704 GC heap after
{Heap after GC invocations=133 (full 0):
 garbage-first heap   total 524288K, used 460919K [0x0000000080000000, 0x0000000100000000)
  region size 1024K, 2 young (2048K), 2 survivors (2048K)
 Metaspace       used 180508K, committed 182784K, reserved 622592K
  class space    used 23890K, committed 24960K, reserved 425984K
}
Event: 592.179 GC heap before
{Heap before GC invocations=133 (full 0):
 garbage-first heap   total 524288K, used 483447K [0x0000000080000000, 0x0000000100000000)
  region size 1024K, 25 young (25600K), 2 survivors (2048K)
 Metaspace       used 180843K, committed 183040K, reserved 622592K
  class space    used 23927K, committed 24960K, reserved 425984K
}
Event: 592.187 GC heap after
{Heap after GC invocations=134 (full 0):
 garbage-first heap   total 524288K, used 461178K [0x0000000080000000, 0x0000000100000000)
  region size 1024K, 2 young (2048K), 2 survivors (2048K)
 Metaspace       used 180843K, committed 183040K, reserved 622592K
  class space    used 23927K, committed 24960K, reserved 425984K
}
Event: 592.334 GC heap before
{Heap before GC invocations=134 (full 0):
 garbage-first heap   total 524288K, used 483706K [0x0000000080000000, 0x0000000100000000)
  region size 1024K, 25 young (25600K), 2 survivors (2048K)
 Metaspace       used 180875K, committed 183040K, reserved 622592K
  class space    used 23929K, committed 24960K, reserved 425984K
}
Event: 592.423 GC heap after
{Heap after GC invocations=135 (full 0):
 garbage-first heap   total 524288K, used 462002K [0x0000000080000000, 0x0000000100000000)
  region size 1024K, 3 young (3072K), 3 survivors (3072K)
 Metaspace       used 180875K, committed 183040K, reserved 622592K
  class space    used 23929K, committed 24960K, reserved 425984K
}
Event: 592.655 GC heap before
{Heap before GC invocations=135 (full 0):
 garbage-first heap   total 524288K, used 484530K [0x0000000080000000, 0x0000000100000000)
  region size 1024K, 25 young (25600K), 3 survivors (3072K)
 Metaspace       used 180912K, committed 183104K, reserved 622592K
  class space    used 23932K, committed 24960K, reserved 425984K
}
Event: 592.780 GC heap after
{Heap after GC invocations=136 (full 0):
 garbage-first heap   total 524288K, used 461649K [0x0000000080000000, 0x0000000100000000)
  region size 1024K, 1 young (1024K), 1 survivors (1024K)
 Metaspace       used 180912K, committed 183104K, reserved 622592K
  class space    used 23932K, committed 24960K, reserved 425984K
}
Event: 594.876 GC heap before
{Heap before GC invocations=136 (full 0):
 garbage-first heap   total 524288K, used 482128K [0x0000000080000000, 0x0000000100000000)
  region size 1024K, 18 young (18432K), 1 survivors (1024K)
 Metaspace       used 181027K, committed 183232K, reserved 622592K
  class space    used 23941K, committed 24960K, reserved 425984K
}
Event: 594.893 GC heap after
{Heap after GC invocations=137 (full 0):
 garbage-first heap   total 524288K, used 467357K [0x0000000080000000, 0x0000000100000000)
  region size 1024K, 2 young (2048K), 2 survivors (2048K)
 Metaspace       used 181027K, committed 183232K, reserved 622592K
  class space    used 23941K, committed 24960K, reserved 425984K
}
Event: 594.991 GC heap before
{Heap before GC invocations=137 (full 0):
 garbage-first heap   total 524288K, used 471453K [0x0000000080000000, 0x0000000100000000)
  region size 1024K, 7 young (7168K), 2 survivors (2048K)
 Metaspace       used 181534K, committed 183744K, reserved 622592K
  class space    used 23973K, committed 25024K, reserved 425984K
}
Event: 594.994 GC heap after
{Heap after GC invocations=138 (full 0):
 garbage-first heap   total 524288K, used 469236K [0x0000000080000000, 0x0000000100000000)
  region size 1024K, 3 young (3072K), 3 survivors (3072K)
 Metaspace       used 181534K, committed 183744K, reserved 622592K
  class space    used 23973K, committed 25024K, reserved 425984K
}
Event: 596.713 GC heap before
{Heap before GC invocations=139 (full 0):
 garbage-first heap   total 737280K, used 503028K [0x0000000080000000, 0x0000000100000000)
  region size 1024K, 36 young (36864K), 3 survivors (3072K)
 Metaspace       used 181443K, committed 183808K, reserved 622592K
  class space    used 24032K, committed 25088K, reserved 425984K
}
Event: 596.727 GC heap after
{Heap after GC invocations=140 (full 0):
 garbage-first heap   total 737280K, used 458019K [0x0000000080000000, 0x0000000100000000)
  region size 1024K, 5 young (5120K), 5 survivors (5120K)
 Metaspace       used 181443K, committed 183808K, reserved 622592K
  class space    used 24032K, committed 25088K, reserved 425984K
}
Event: 598.370 GC heap before
{Heap before GC invocations=140 (full 0):
 garbage-first heap   total 737280K, used 489763K [0x0000000080000000, 0x0000000100000000)
  region size 1024K, 36 young (36864K), 5 survivors (5120K)
 Metaspace       used 181551K, committed 183808K, reserved 622592K
  class space    used 24038K, committed 25088K, reserved 425984K
}
Event: 598.438 GC heap after
{Heap after GC invocations=141 (full 0):
 garbage-first heap   total 737280K, used 397485K [0x0000000080000000, 0x0000000100000000)
  region size 1024K, 5 young (5120K), 5 survivors (5120K)
 Metaspace       used 181551K, committed 183808K, reserved 622592K
  class space    used 24038K, committed 25088K, reserved 425984K
}
Event: 598.645 GC heap before
{Heap before GC invocations=141 (full 0):
 garbage-first heap   total 737280K, used 429229K [0x0000000080000000, 0x0000000100000000)
  region size 1024K, 36 young (36864K), 5 survivors (5120K)
 Metaspace       used 181551K, committed 183808K, reserved 622592K
  class space    used 24038K, committed 25088K, reserved 425984K
}
Event: 598.725 GC heap after
{Heap after GC invocations=142 (full 0):
 garbage-first heap   total 737280K, used 347013K [0x0000000080000000, 0x0000000100000000)
  region size 1024K, 5 young (5120K), 5 survivors (5120K)
 Metaspace       used 181551K, committed 183808K, reserved 622592K
  class space    used 24038K, committed 25088K, reserved 425984K
}
Event: 599.293 GC heap before
{Heap before GC invocations=142 (full 0):
 garbage-first heap   total 737280K, used 379781K [0x0000000080000000, 0x0000000100000000)
  region size 1024K, 36 young (36864K), 5 survivors (5120K)
 Metaspace       used 182233K, committed 184384K, reserved 622592K
  class space    used 24153K, committed 25152K, reserved 425984K
}
Event: 599.359 GC heap after
{Heap after GC invocations=143 (full 0):
 garbage-first heap   total 737280K, used 356352K [0x0000000080000000, 0x0000000100000000)
  region size 1024K, 5 young (5120K), 5 survivors (5120K)
 Metaspace       used 182233K, committed 184384K, reserved 622592K
  class space    used 24153K, committed 25152K, reserved 425984K
}
Event: 601.510 GC heap before
{Heap before GC invocations=143 (full 0):
 garbage-first heap   total 737280K, used 536576K [0x0000000080000000, 0x0000000100000000)
  region size 1024K, 182 young (186368K), 5 survivors (5120K)
 Metaspace       used 182812K, committed 184896K, reserved 622592K
  class space    used 24214K, committed 25216K, reserved 425984K
}

Dll operation events (16 events):
Event: 0.018 Loaded shared library C:\Program Files\Eclipse Adoptium\jdk-17.0.16.8-hotspot\bin\java.dll
Event: 0.043 Loaded shared library C:\Program Files\Eclipse Adoptium\jdk-17.0.16.8-hotspot\bin\jsvml.dll
Event: 0.102 Loaded shared library C:\Program Files\Eclipse Adoptium\jdk-17.0.16.8-hotspot\bin\zip.dll
Event: 0.108 Loaded shared library C:\Program Files\Eclipse Adoptium\jdk-17.0.16.8-hotspot\bin\instrument.dll
Event: 0.113 Loaded shared library C:\Program Files\Eclipse Adoptium\jdk-17.0.16.8-hotspot\bin\net.dll
Event: 0.115 Loaded shared library C:\Program Files\Eclipse Adoptium\jdk-17.0.16.8-hotspot\bin\nio.dll
Event: 0.118 Loaded shared library C:\Program Files\Eclipse Adoptium\jdk-17.0.16.8-hotspot\bin\zip.dll
Event: 0.494 Loaded shared library C:\Program Files\Eclipse Adoptium\jdk-17.0.16.8-hotspot\bin\jimage.dll
Event: 0.831 Loaded shared library C:\Program Files\Eclipse Adoptium\jdk-17.0.16.8-hotspot\bin\verify.dll
Event: 0.960 Loaded shared library C:\Users\USER\.gradle\native\1def1411415f61bf3af743bc5b6707747c0891f09f0c88961ee8f79bc544acac\windows-amd64\native-platform.dll
Event: 0.981 Loaded shared library C:\Users\USER\.gradle\native\0.2.7\x86_64-windows-gnu\gradle-fileevents.dll
Event: 3.283 Loaded shared library C:\Program Files\Eclipse Adoptium\jdk-17.0.16.8-hotspot\bin\management.dll
Event: 3.286 Loaded shared library C:\Program Files\Eclipse Adoptium\jdk-17.0.16.8-hotspot\bin\management_ext.dll
Event: 3.682 Loaded shared library C:\Program Files\Eclipse Adoptium\jdk-17.0.16.8-hotspot\bin\extnet.dll
Event: 4.042 Loaded shared library C:\Program Files\Eclipse Adoptium\jdk-17.0.16.8-hotspot\bin\sunmscapi.dll
Event: 576.423 Loaded shared library C:\Program Files\Eclipse Adoptium\jdk-17.0.16.8-hotspot\bin\rmi.dll

Deoptimization events (20 events):
Event: 601.092 Thread 0x0000021d37ef9780 DEOPT PACKING pc=0x0000021d091b62bc sp=0x0000006986cfd110
Event: 601.092 Thread 0x0000021d37ef9780 DEOPT UNPACKING pc=0x0000021d075869a3 sp=0x0000006986cfd0e0 mode 2
Event: 601.230 Thread 0x0000021d37ef9780 Uncommon trap: trap_request=0xffffffc6 fr.pc=0x0000021d0950d314 relative=0x0000000000000154
Event: 601.230 Thread 0x0000021d37ef9780 Uncommon trap: reason=bimorphic_or_optimized_type_check action=maybe_recompile pc=0x0000021d0950d314 method=com.android.tools.r8.internal.Jr0.f(Ljava/util/function/Function;)Lcom/android/tools/r8/internal/Jr0; @ 7 c2
Event: 601.230 Thread 0x0000021d37ef9780 DEOPT PACKING pc=0x0000021d0950d314 sp=0x0000006986cfd2a0
Event: 601.230 Thread 0x0000021d37ef9780 DEOPT UNPACKING pc=0x0000021d075869a3 sp=0x0000006986cfd230 mode 2
Event: 601.230 Thread 0x0000021d37ef9780 Uncommon trap: trap_request=0xffffffc6 fr.pc=0x0000021d0950d314 relative=0x0000000000000154
Event: 601.230 Thread 0x0000021d37ef9780 Uncommon trap: reason=bimorphic_or_optimized_type_check action=maybe_recompile pc=0x0000021d0950d314 method=com.android.tools.r8.internal.Jr0.f(Ljava/util/function/Function;)Lcom/android/tools/r8/internal/Jr0; @ 7 c2
Event: 601.230 Thread 0x0000021d37ef9780 DEOPT PACKING pc=0x0000021d0950d314 sp=0x0000006986cfd2a0
Event: 601.230 Thread 0x0000021d37ef9780 DEOPT UNPACKING pc=0x0000021d075869a3 sp=0x0000006986cfd230 mode 2
Event: 601.230 Thread 0x0000021d37ef9780 Uncommon trap: trap_request=0xffffffc6 fr.pc=0x0000021d0950d314 relative=0x0000000000000154
Event: 601.230 Thread 0x0000021d37ef9780 Uncommon trap: reason=bimorphic_or_optimized_type_check action=maybe_recompile pc=0x0000021d0950d314 method=com.android.tools.r8.internal.Jr0.f(Ljava/util/function/Function;)Lcom/android/tools/r8/internal/Jr0; @ 7 c2
Event: 601.230 Thread 0x0000021d37ef9780 DEOPT PACKING pc=0x0000021d0950d314 sp=0x0000006986cfd2a0
Event: 601.230 Thread 0x0000021d37ef9780 DEOPT UNPACKING pc=0x0000021d075869a3 sp=0x0000006986cfd230 mode 2
Event: 601.378 Thread 0x0000021d37ef9780 DEOPT PACKING pc=0x0000021d029cbd6d sp=0x0000006986cfda20
Event: 601.378 Thread 0x0000021d37ef9780 DEOPT UNPACKING pc=0x0000021d07587143 sp=0x0000006986cfcf48 mode 0
Event: 601.393 Thread 0x0000021d37ef9780 DEOPT PACKING pc=0x0000021d029cbd6d sp=0x0000006986cfdb70
Event: 601.393 Thread 0x0000021d37ef9780 DEOPT UNPACKING pc=0x0000021d07587143 sp=0x0000006986cfd098 mode 0
Event: 601.416 Thread 0x0000021d37ef9780 DEOPT PACKING pc=0x0000021d01385d9d sp=0x0000006986cfd050
Event: 601.416 Thread 0x0000021d37ef9780 DEOPT UNPACKING pc=0x0000021d07587143 sp=0x0000006986cfc508 mode 0

Classes loaded (20 events):
Event: 576.821 Loading class sun/rmi/transport/DGCImpl$LeaseInfo
Event: 576.821 Loading class sun/rmi/transport/DGCImpl$LeaseInfo done
Event: 576.821 Loading class sun/rmi/transport/DGCImpl$1
Event: 576.821 Loading class sun/rmi/transport/DGCImpl$1 done
Event: 576.822 Loading class sun/rmi/transport/SequenceEntry
Event: 576.822 Loading class sun/rmi/transport/SequenceEntry done
Event: 596.479 Loading class java/nio/BufferUnderflowException
Event: 596.480 Loading class java/nio/BufferUnderflowException done
Event: 598.797 Loading class java/util/concurrent/ForkJoinTask$AdaptedCallable
Event: 598.797 Loading class java/util/concurrent/ForkJoinTask$AdaptedCallable done
Event: 598.798 Loading class java/util/concurrent/ForkJoinPool$DefaultForkJoinWorkerThreadFactory$1
Event: 598.798 Loading class java/util/concurrent/ForkJoinPool$DefaultForkJoinWorkerThreadFactory$1 done
Event: 598.860 Loading class java/util/AbstractList$RandomAccessSubList
Event: 598.860 Loading class java/util/AbstractList$SubList
Event: 598.861 Loading class java/util/AbstractList$SubList done
Event: 598.861 Loading class java/util/AbstractList$RandomAccessSubList done
Event: 598.861 Loading class java/util/AbstractList$SubList$1
Event: 598.861 Loading class java/util/AbstractList$SubList$1 done
Event: 598.979 Loading class java/nio/HeapShortBuffer
Event: 598.982 Loading class java/nio/HeapShortBuffer done

Classes unloaded (20 events):
Event: 595.758 Thread 0x0000021d798a1640 Unloading class 0x0000021d1138f800 'jdk/internal/jimage/ImageHeader'
Event: 595.758 Thread 0x0000021d798a1640 Unloading class 0x0000021d1138edc8 'jdk/internal/jimage/BasicImageReader$2'
Event: 595.758 Thread 0x0000021d798a1640 Unloading class 0x0000021d1138eb98 'jdk/internal/jimage/BasicImageReader$1'
Event: 595.758 Thread 0x0000021d798a1640 Unloading class 0x0000021d1138e930 'jdk/internal/jimage/ImageReader$Resource'
Event: 595.758 Thread 0x0000021d798a1640 Unloading class 0x0000021d1138e6c8 'jdk/internal/jimage/ImageReader$LinkNode'
Event: 595.758 Thread 0x0000021d798a1640 Unloading class 0x0000021d1138e460 'jdk/internal/jimage/ImageReader$Directory'
Event: 595.758 Thread 0x0000021d798a1640 Unloading class 0x0000021d1138e1f8 'jdk/internal/jimage/ImageReader$Node'
Event: 595.758 Thread 0x0000021d798a1640 Unloading class 0x0000021d1138e000 'jdk/internal/jimage/ImageStrings'
Event: 595.758 Thread 0x0000021d798a1640 Unloading class 0x0000021d1138db50 'jdk/internal/jimage/ImageReader$SharedImageReader'
Event: 595.758 Thread 0x0000021d798a1640 Unloading class 0x0000021d1138d890 'jdk/internal/jimage/BasicImageReader'
Event: 595.758 Thread 0x0000021d798a1640 Unloading class 0x0000021d1138d670 'jdk/internal/jimage/ImageReader'
Event: 595.758 Thread 0x0000021d798a1640 Unloading class 0x0000021d1138d448 'jdk/internal/jrtfs/SystemImage$2'
Event: 595.758 Thread 0x0000021d798a1640 Unloading class 0x0000021d1138d230 'jdk/internal/jrtfs/SystemImage$$Lambda$3070+0x0000021d1138d230'
Event: 595.758 Thread 0x0000021d798a1640 Unloading class 0x0000021d1138d000 'jdk/internal/jrtfs/ExplodedImage'
Event: 595.758 Thread 0x0000021d798a1640 Unloading class 0x0000021d1138cdc8 'jdk/internal/jrtfs/SystemImage$1'
Event: 595.758 Thread 0x0000021d798a1640 Unloading class 0x0000021d1138cbb0 'jdk/internal/jrtfs/SystemImage'
Event: 595.758 Thread 0x0000021d798a1640 Unloading class 0x0000021d1138c950 'jdk/internal/jrtfs/JrtFileStore'
Event: 595.758 Thread 0x0000021d798a1640 Unloading class 0x0000021d1138c5d8 'jdk/internal/jrtfs/JrtPath'
Event: 595.758 Thread 0x0000021d798a1640 Unloading class 0x0000021d1138c2e0 'jdk/internal/jrtfs/JrtFileSystem'
Event: 595.758 Thread 0x0000021d798a1640 Unloading class 0x0000021d1138c000 'jdk/internal/jrtfs/JrtFileSystemProvider'

Classes redefined (0 events):
No events

Internal exceptions (20 events):
Event: 592.097 Thread 0x0000021d34ddd1f0 Exception <a 'sun/nio/fs/WindowsException'{0x000000009e94b4c0}> (0x000000009e94b4c0) 
thrown [s\src\hotspot\share\prims\jni.cpp, line 516]
Event: 592.102 Thread 0x0000021d3557b1c0 Exception <a 'sun/nio/fs/WindowsException'{0x000000009ead1380}> (0x000000009ead1380) 
thrown [s\src\hotspot\share\prims\jni.cpp, line 516]
Event: 592.104 Thread 0x0000021d3557b1c0 Exception <a 'sun/nio/fs/WindowsException'{0x000000009ead7be0}> (0x000000009ead7be0) 
thrown [s\src\hotspot\share\prims\jni.cpp, line 516]
Event: 592.921 Thread 0x0000021d34ddbdb0 Exception <a 'sun/nio/fs/WindowsException'{0x000000009f6dc368}> (0x000000009f6dc368) 
thrown [s\src\hotspot\share\prims\jni.cpp, line 516]
Event: 592.921 Thread 0x0000021d34ddbdb0 Exception <a 'sun/nio/fs/WindowsException'{0x000000009f6dd698}> (0x000000009f6dd698) 
thrown [s\src\hotspot\share\prims\jni.cpp, line 516]
Event: 592.968 Thread 0x0000021d34ddbdb0 Exception <a 'sun/nio/fs/WindowsException'{0x000000009f6e72c0}> (0x000000009f6e72c0) 
thrown [s\src\hotspot\share\prims\jni.cpp, line 516]
Event: 593.012 Thread 0x0000021d34ddbdb0 Exception <a 'sun/nio/fs/WindowsException'{0x000000009f6ed5e8}> (0x000000009f6ed5e8) 
thrown [s\src\hotspot\share\prims\jni.cpp, line 516]
Event: 593.016 Thread 0x0000021d34ddbdb0 Exception <a 'sun/nio/fs/WindowsException'{0x000000009f449ec0}> (0x000000009f449ec0) 
thrown [s\src\hotspot\share\prims\jni.cpp, line 516]
Event: 593.019 Thread 0x0000021d34ddbdb0 Exception <a 'sun/nio/fs/WindowsException'{0x000000009f491a28}> (0x000000009f491a28) 
thrown [s\src\hotspot\share\prims\jni.cpp, line 516]
Event: 593.187 Thread 0x0000021d34ddbdb0 Exception <a 'sun/nio/fs/WindowsException'{0x000000009f498d20}> (0x000000009f498d20) 
thrown [s\src\hotspot\share\prims\jni.cpp, line 516]
Event: 593.189 Thread 0x0000021d34ddbdb0 Exception <a 'sun/nio/fs/WindowsException'{0x000000009f3c8af8}> (0x000000009f3c8af8) 
thrown [s\src\hotspot\share\prims\jni.cpp, line 516]
Event: 593.191 Thread 0x0000021d34ddbdb0 Exception <a 'sun/nio/fs/WindowsException'{0x000000009f3cece0}> (0x000000009f3cece0) 
thrown [s\src\hotspot\share\prims\jni.cpp, line 516]
Event: 593.319 Thread 0x0000021d34ddbdb0 Exception <a 'sun/nio/fs/WindowsException'{0x000000009f3d6210}> (0x000000009f3d6210) 
thrown [s\src\hotspot\share\prims\jni.cpp, line 516]
Event: 593.321 Thread 0x0000021d34ddbdb0 Exception <a 'sun/nio/fs/WindowsException'{0x000000009f3e0230}> (0x000000009f3e0230) 
thrown [s\src\hotspot\share\prims\jni.cpp, line 516]
Event: 593.323 Thread 0x0000021d34ddbdb0 Exception <a 'sun/nio/fs/WindowsException'{0x000000009f3e5d80}> (0x000000009f3e5d80) 
thrown [s\src\hotspot\share\prims\jni.cpp, line 516]
Event: 598.861 Thread 0x0000021d36cabe20 Exception <a 'java/lang/NoSuchMethodError'{0x00000000ac48b238}: 'long java.lang.invoke.DirectMethodHandle$Holder.invokeStatic(java.lang.Object, java.lang.Object, java.lang.Object)'> (0x00000000ac48b238) 
thrown [s\src\hotspot\share\interpreter\linkResolver.cpp, line 759]
Event: 598.861 Thread 0x0000021d36cadc80 Exception <a 'java/lang/NoSuchMethodError'{0x00000000ac4c6c48}: 'long java.lang.invoke.DirectMethodHandle$Holder.invokeStatic(java.lang.Object, java.lang.Object, java.lang.Object)'> (0x00000000ac4c6c48) 
thrown [s\src\hotspot\share\interpreter\linkResolver.cpp, line 759]
Event: 601.065 Thread 0x0000021d37ef9780 Exception <a 'java/lang/NoSuchMethodError'{0x00000000a2b6e590}: 'long java.lang.invoke.DirectMethodHandle$Holder.invokeStatic(java.lang.Object, java.lang.Object)'> (0x00000000a2b6e590) 
thrown [s\src\hotspot\share\interpreter\linkResolver.cpp, line 759]
Event: 601.087 Thread 0x0000021d37ef9780 Exception <a 'java/lang/NoSuchMethodError'{0x00000000a2bd3170}: 'java.lang.Object java.lang.invoke.DirectMethodHandle$Holder.newInvokeSpecial(java.lang.Object, int, java.lang.Object, java.lang.Object, java.lang.Object)'> (0x00000000a2bd3170) 
thrown [s\src\hotspot\share\interpreter\linkResolver.cpp, line 759]
Event: 601.087 Thread 0x0000021d37ef9780 Exception <a 'java/lang/NoSuchMethodError'{0x00000000a2bd7380}: 'java.lang.Object java.lang.invoke.DirectMethodHandle$Holder.invokeSpecial(java.lang.Object, java.lang.Object, int, java.lang.Object, java.lang.Object, java.lang.Object)'> (0x00000000a2bd7380) 
thrown [s\src\hotspot\share\interpreter\linkResolver.cpp, line 759]

VM Operations (20 events):
Event: 599.006 Executing VM operation: HandshakeAllThreads done
Event: 599.026 Executing VM operation: HandshakeAllThreads
Event: 599.026 Executing VM operation: HandshakeAllThreads done
Event: 599.058 Executing VM operation: HandshakeAllThreads
Event: 599.060 Executing VM operation: HandshakeAllThreads done
Event: 599.066 Executing VM operation: HandshakeAllThreads
Event: 599.066 Executing VM operation: HandshakeAllThreads done
Event: 599.288 Executing VM operation: G1CollectForAllocation
Event: 599.359 Executing VM operation: G1CollectForAllocation done
Event: 599.669 Executing VM operation: HandshakeAllThreads
Event: 599.699 Executing VM operation: HandshakeAllThreads done
Event: 600.105 Executing VM operation: HandshakeAllThreads
Event: 600.256 Executing VM operation: HandshakeAllThreads done
Event: 601.051 Executing VM operation: ICBufferFull
Event: 601.051 Executing VM operation: ICBufferFull done
Event: 601.254 Executing VM operation: ICBufferFull
Event: 601.254 Executing VM operation: ICBufferFull done
Event: 601.404 Executing VM operation: HandshakeAllThreads
Event: 601.404 Executing VM operation: HandshakeAllThreads done
Event: 601.509 Executing VM operation: G1CollectForAllocation

Memory protections (0 events):
No events

Nmethod flushes (20 events):
Event: 600.303 Thread 0x0000021d798d3270 flushing  nmethod 0x0000021d02e63910
Event: 600.303 Thread 0x0000021d798d3270 flushing  nmethod 0x0000021d02e65190
Event: 600.303 Thread 0x0000021d798d3270 flushing  nmethod 0x0000021d02e65590
Event: 600.303 Thread 0x0000021d798d3270 flushing  nmethod 0x0000021d02e66490
Event: 600.303 Thread 0x0000021d798d3270 flushing  nmethod 0x0000021d02e66810
Event: 600.303 Thread 0x0000021d798d3270 flushing  nmethod 0x0000021d02e66f10
Event: 600.303 Thread 0x0000021d798d3270 flushing  nmethod 0x0000021d02e67710
Event: 600.303 Thread 0x0000021d798d3270 flushing  nmethod 0x0000021d02e68a90
Event: 600.303 Thread 0x0000021d798d3270 flushing  nmethod 0x0000021d02e6e390
Event: 600.303 Thread 0x0000021d798d3270 flushing  nmethod 0x0000021d02e71910
Event: 600.313 Thread 0x0000021d798d3270 flushing  nmethod 0x0000021d038c2090
Event: 600.314 Thread 0x0000021d798d3270 flushing  nmethod 0x0000021d038f6490
Event: 600.314 Thread 0x0000021d798d3270 flushing  nmethod 0x0000021d0392db10
Event: 600.314 Thread 0x0000021d798d3270 flushing  nmethod 0x0000021d03990b10
Event: 600.315 Thread 0x0000021d798d3270 flushing  nmethod 0x0000021d039a5310
Event: 600.316 Thread 0x0000021d798d3270 flushing  nmethod 0x0000021d03b32510
Event: 600.317 Thread 0x0000021d798d3270 flushing  nmethod 0x0000021d03cab910
Event: 600.318 Thread 0x0000021d798d3270 flushing  nmethod 0x0000021d03ce8290
Event: 600.318 Thread 0x0000021d798d3270 flushing  nmethod 0x0000021d03d14990
Event: 600.318 Thread 0x0000021d798d3270 flushing  nmethod 0x0000021d03e04090

Events (20 events):
Event: 581.203 Thread 0x0000021d2c421df0 Thread exited: 0x0000021d2c421df0
Event: 581.326 Thread 0x0000021d798ced30 Thread added: 0x0000021d37dd3e10
Event: 582.035 Thread 0x0000021d349dbff0 Thread exited: 0x0000021d349dbff0
Event: 582.230 Thread 0x0000021d2c9065c0 Thread exited: 0x0000021d2c9065c0
Event: 582.458 Thread 0x0000021d37dd3e10 Thread exited: 0x0000021d37dd3e10
Event: 589.156 Thread 0x0000021d79ade220 Thread added: 0x0000021d2e8365c0
Event: 589.431 Thread 0x0000021d798ced30 Thread added: 0x0000021d37b865c0
Event: 591.538 Thread 0x0000021d2b834980 Thread exited: 0x0000021d2b834980
Event: 592.781 Thread 0x0000021d2b834470 Thread added: 0x0000021d37ef9c90
Event: 593.319 Thread 0x0000021d37b865c0 Thread exited: 0x0000021d37b865c0
Event: 594.785 Thread 0x0000021d2e8365c0 Thread exited: 0x0000021d2e8365c0
Event: 596.843 Thread 0x0000021d798ced30 Thread added: 0x0000021d37dd48b0
Event: 598.766 Thread 0x0000021d37dd48b0 Thread exited: 0x0000021d37dd48b0
Event: 598.799 Thread 0x0000021d37ef9780 Thread added: 0x0000021d35cf4540
Event: 598.809 Thread 0x0000021d35cf4540 Thread added: 0x0000021d36cadc80
Event: 598.825 Thread 0x0000021d36cadc80 Thread added: 0x0000021d2c8ca400
Event: 598.826 Thread 0x0000021d2c8ca400 Thread added: 0x0000021d35cf17b0
Event: 598.827 Thread 0x0000021d35cf17b0 Thread added: 0x0000021d35cf3b20
Event: 598.827 Thread 0x0000021d35cf3b20 Thread added: 0x0000021d36cabe20
Event: 599.076 Thread 0x0000021d798ce810 Thread added: 0x0000021d37dd2380


Dynamic libraries:
0x00007ff64bf90000 - 0x00007ff64bf9e000 	C:\Program Files\Eclipse Adoptium\jdk-17.0.16.8-hotspot\bin\java.exe
0x00007ffd78140000 - 0x00007ffd783a9000 	C:\WINDOWS\SYSTEM32\ntdll.dll
0x00007ffd76050000 - 0x00007ffd76119000 	C:\WINDOWS\System32\KERNEL32.DLL
0x00007ffd754e0000 - 0x00007ffd758d3000 	C:\WINDOWS\System32\KERNELBASE.dll
0x00007ffd75390000 - 0x00007ffd754db000 	C:\WINDOWS\System32\ucrtbase.dll
0x00007ffd41950000 - 0x00007ffd41967000 	C:\Program Files\Eclipse Adoptium\jdk-17.0.16.8-hotspot\bin\jli.dll
0x00007ffd76590000 - 0x00007ffd76754000 	C:\WINDOWS\System32\USER32.dll
0x00007ffd75ac0000 - 0x00007ffd75ae7000 	C:\WINDOWS\System32\win32u.dll
0x00007ffd780d0000 - 0x00007ffd780fb000 	C:\WINDOWS\System32\GDI32.dll
0x00007ffd41650000 - 0x00007ffd4166e000 	C:\Program Files\Eclipse Adoptium\jdk-17.0.16.8-hotspot\bin\VCRUNTIME140.dll
0x00007ffd75c60000 - 0x00007ffd75d8d000 	C:\WINDOWS\System32\gdi32full.dll
0x00007ffd75970000 - 0x00007ffd75a13000 	C:\WINDOWS\System32\msvcp_win.dll
0x00007ffd5ff60000 - 0x00007ffd601f3000 	C:\WINDOWS\WinSxS\amd64_microsoft.windows.common-controls_6595b64144ccf1df_6.0.26100.5074_none_3e0d6f78e32fd63f\COMCTL32.dll
0x00007ffd76120000 - 0x00007ffd761c9000 	C:\WINDOWS\System32\msvcrt.dll
0x00007ffd761d0000 - 0x00007ffd761ff000 	C:\WINDOWS\System32\IMM32.DLL
0x00007ffd414d0000 - 0x00007ffd414dc000 	C:\Program Files\Eclipse Adoptium\jdk-17.0.16.8-hotspot\bin\vcruntime140_1.dll
0x00007ffce4740000 - 0x00007ffce47cd000 	C:\Program Files\Eclipse Adoptium\jdk-17.0.16.8-hotspot\bin\msvcp140.dll
0x00007ffcd6030000 - 0x00007ffcd6c9b000 	C:\Program Files\Eclipse Adoptium\jdk-17.0.16.8-hotspot\bin\server\jvm.dll
0x00007ffd75f90000 - 0x00007ffd76044000 	C:\WINDOWS\System32\ADVAPI32.dll
0x00007ffd77e90000 - 0x00007ffd77f36000 	C:\WINDOWS\System32\sechost.dll
0x00007ffd77d70000 - 0x00007ffd77e88000 	C:\WINDOWS\System32\RPCRT4.dll
0x00007ffd77cf0000 - 0x00007ffd77d64000 	C:\WINDOWS\System32\WS2_32.dll
0x00007ffd74fa0000 - 0x00007ffd74ffe000 	C:\WINDOWS\SYSTEM32\POWRPROF.dll
0x00007ffd6ef60000 - 0x00007ffd6ef95000 	C:\WINDOWS\SYSTEM32\WINMM.dll
0x00007ffd6efa0000 - 0x00007ffd6efab000 	C:\WINDOWS\SYSTEM32\VERSION.dll
0x00007ffd74f80000 - 0x00007ffd74f94000 	C:\WINDOWS\SYSTEM32\UMPDC.dll
0x00007ffd740b0000 - 0x00007ffd740cb000 	C:\WINDOWS\SYSTEM32\kernel.appcore.dll
0x00007ffd41530000 - 0x00007ffd4153a000 	C:\Program Files\Eclipse Adoptium\jdk-17.0.16.8-hotspot\bin\jimage.dll
0x00007ffd6a020000 - 0x00007ffd6a262000 	C:\WINDOWS\SYSTEM32\DBGHELP.DLL
0x00007ffd76210000 - 0x00007ffd7658b000 	C:\WINDOWS\System32\combase.dll
0x00007ffd76ed0000 - 0x00007ffd76fa7000 	C:\WINDOWS\System32\OLEAUT32.dll
0x00007ffd5b6d0000 - 0x00007ffd5b70d000 	C:\WINDOWS\SYSTEM32\dbgcore.DLL
0x00007ffd75a20000 - 0x00007ffd75ab9000 	C:\WINDOWS\System32\bcryptPrimitives.dll
0x00007ffd1e790000 - 0x00007ffd1e79e000 	C:\Program Files\Eclipse Adoptium\jdk-17.0.16.8-hotspot\bin\instrument.dll
0x00007ffd41500000 - 0x00007ffd41525000 	C:\Program Files\Eclipse Adoptium\jdk-17.0.16.8-hotspot\bin\java.dll
0x00007ffcd7960000 - 0x00007ffcd7a37000 	C:\Program Files\Eclipse Adoptium\jdk-17.0.16.8-hotspot\bin\jsvml.dll
0x00007ffd770f0000 - 0x00007ffd7783d000 	C:\WINDOWS\System32\SHELL32.dll
0x00007ffd75af0000 - 0x00007ffd75c5c000 	C:\WINDOWS\System32\wintypes.dll
0x00007ffd72f10000 - 0x00007ffd73769000 	C:\WINDOWS\SYSTEM32\windows.storage.dll
0x00007ffd76760000 - 0x00007ffd76850000 	C:\WINDOWS\System32\SHCORE.dll
0x00007ffd76fb0000 - 0x00007ffd77012000 	C:\WINDOWS\System32\shlwapi.dll
0x00007ffd751f0000 - 0x00007ffd75219000 	C:\WINDOWS\SYSTEM32\profapi.dll
0x00007ffd5a5e0000 - 0x00007ffd5a5f8000 	C:\Program Files\Eclipse Adoptium\jdk-17.0.16.8-hotspot\bin\zip.dll
0x00007ffd414e0000 - 0x00007ffd414f9000 	C:\Program Files\Eclipse Adoptium\jdk-17.0.16.8-hotspot\bin\net.dll
0x00007ffd6be20000 - 0x00007ffd6bf3f000 	C:\WINDOWS\SYSTEM32\WINHTTP.dll
0x00007ffd74630000 - 0x00007ffd7469b000 	C:\WINDOWS\system32\mswsock.dll
0x00007ffd3a3c0000 - 0x00007ffd3a3d6000 	C:\Program Files\Eclipse Adoptium\jdk-17.0.16.8-hotspot\bin\nio.dll
0x00007ffd4e7e0000 - 0x00007ffd4e7f0000 	C:\Program Files\Eclipse Adoptium\jdk-17.0.16.8-hotspot\bin\verify.dll
0x00007ffd26610000 - 0x00007ffd26637000 	C:\Users\USER\.gradle\native\1def1411415f61bf3af743bc5b6707747c0891f09f0c88961ee8f79bc544acac\windows-amd64\native-platform.dll
0x00007ffce5020000 - 0x00007ffce5098000 	C:\Users\USER\.gradle\native\0.2.7\x86_64-windows-gnu\gradle-fileevents.dll
0x00007ffd41670000 - 0x00007ffd4167a000 	C:\Program Files\Eclipse Adoptium\jdk-17.0.16.8-hotspot\bin\management.dll
0x00007ffd1c540000 - 0x00007ffd1c54b000 	C:\Program Files\Eclipse Adoptium\jdk-17.0.16.8-hotspot\bin\management_ext.dll
0x00007ffd76eb0000 - 0x00007ffd76eb8000 	C:\WINDOWS\System32\PSAPI.DLL
0x00007ffd73ab0000 - 0x00007ffd73ae4000 	C:\WINDOWS\SYSTEM32\IPHLPAPI.DLL
0x00007ffd78040000 - 0x00007ffd7804a000 	C:\WINDOWS\System32\NSI.dll
0x00007ffd6f4f0000 - 0x00007ffd6f50e000 	C:\WINDOWS\SYSTEM32\dhcpcsvc6.DLL
0x00007ffd6f4c0000 - 0x00007ffd6f4e3000 	C:\WINDOWS\SYSTEM32\dhcpcsvc.DLL
0x00007ffd73af0000 - 0x00007ffd73c16000 	C:\WINDOWS\SYSTEM32\DNSAPI.dll
0x00007ffd43db0000 - 0x00007ffd43db9000 	C:\Program Files\Eclipse Adoptium\jdk-17.0.16.8-hotspot\bin\extnet.dll
0x00007ffd748d0000 - 0x00007ffd748eb000 	C:\WINDOWS\SYSTEM32\CRYPTSP.dll
0x00007ffd74010000 - 0x00007ffd7404b000 	C:\WINDOWS\system32\rsaenh.dll
0x00007ffd746d0000 - 0x00007ffd746fb000 	C:\WINDOWS\SYSTEM32\USERENV.dll
0x00007ffd751c0000 - 0x00007ffd751e6000 	C:\WINDOWS\SYSTEM32\bcrypt.dll
0x00007ffd74f20000 - 0x00007ffd74f2c000 	C:\WINDOWS\SYSTEM32\CRYPTBASE.dll
0x00007ffd43dc0000 - 0x00007ffd43dce000 	C:\Program Files\Eclipse Adoptium\jdk-17.0.16.8-hotspot\bin\sunmscapi.dll
0x00007ffd75d90000 - 0x00007ffd75f07000 	C:\WINDOWS\System32\CRYPT32.dll
0x00007ffd74ae0000 - 0x00007ffd74b10000 	C:\WINDOWS\SYSTEM32\ncrypt.dll
0x00007ffd74a90000 - 0x00007ffd74acf000 	C:\WINDOWS\SYSTEM32\NTASN1.dll
0x00007ffcec820000 - 0x00007ffcec828000 	C:\WINDOWS\system32\wshunix.dll
0x00007ffd6bde0000 - 0x00007ffd6bdeb000 	C:\Windows\System32\rasadhlp.dll
0x00007ffd6fc50000 - 0x00007ffd6fcd6000 	C:\WINDOWS\System32\fwpuclnt.dll
0x00007ffd72370000 - 0x00007ffd7240e000 	C:\WINDOWS\system32\apphelp.dll
0x00007ffd741d0000 - 0x00007ffd74206000 	C:\WINDOWS\SYSTEM32\ntmarta.dll
0x00007ffd703b0000 - 0x00007ffd703b7000 	C:\Program Files\Eclipse Adoptium\jdk-17.0.16.8-hotspot\bin\rmi.dll

dbghelp: loaded successfully - version: 4.0.5 - missing functions: none
symbol engine: initialized successfully - sym options: 0x614 - pdb path: .;C:\Program Files\Eclipse Adoptium\jdk-17.0.16.8-hotspot\bin;C:\WINDOWS\SYSTEM32;C:\WINDOWS\WinSxS\amd64_microsoft.windows.common-controls_6595b64144ccf1df_6.0.26100.5074_none_3e0d6f78e32fd63f;C:\Program Files\Eclipse Adoptium\jdk-17.0.16.8-hotspot\bin\server;C:\Users\USER\.gradle\native\1def1411415f61bf3af743bc5b6707747c0891f09f0c88961ee8f79bc544acac\windows-amd64;C:\Users\USER\.gradle\native\0.2.7\x86_64-windows-gnu

VM Arguments:
jvm_args: --add-opens=java.base/java.lang=ALL-UNNAMED --add-opens=java.base/java.lang.invoke=ALL-UNNAMED --add-opens=java.base/java.util=ALL-UNNAMED --add-opens=java.prefs/java.util.prefs=ALL-UNNAMED --add-exports=jdk.compiler/com.sun.tools.javac.api=ALL-UNNAMED --add-exports=jdk.compiler/com.sun.tools.javac.util=ALL-UNNAMED --add-opens=java.base/java.util=ALL-UNNAMED --add-opens=java.prefs/java.util.prefs=ALL-UNNAMED --add-opens=java.base/java.nio.charset=ALL-UNNAMED --add-opens=java.base/java.net=ALL-UNNAMED --add-opens=java.base/java.util.concurrent.atomic=ALL-UNNAMED --add-opens=java.xml/javax.xml.namespace=ALL-UNNAMED -XX:MaxMetaspaceSize=512m -Xmx2048m -Dfile.encoding=windows-1252 -Duser.country=US -Duser.language=en -Duser.variant -javaagent:C:\Users\USER\.gradle\wrapper\dists\gradle-8.14.3-bin\cv11ve7ro1n3o1j4so8xd9n66\gradle-8.14.3\lib\agents\gradle-instrumentation-agent-8.14.3.jar 
java_command: org.gradle.launcher.daemon.bootstrap.GradleDaemon 8.14.3
java_class_path (initial): C:\Users\USER\.gradle\wrapper\dists\gradle-8.14.3-bin\cv11ve7ro1n3o1j4so8xd9n66\gradle-8.14.3\lib\gradle-daemon-main-8.14.3.jar
Launcher Type: SUN_STANDARD

[Global flags]
     intx CICompilerCount                          = 3                                         {product} {ergonomic}
   size_t CompressedClassSpaceSize                 = 436207616                                 {product} {ergonomic}
     uint ConcGCThreads                            = 2                                         {product} {ergonomic}
     uint G1ConcRefinementThreads                  = 6                                         {product} {ergonomic}
   size_t G1HeapRegionSize                         = 1048576                                   {product} {ergonomic}
    uintx GCDrainStackTargetSize                   = 64                                        {product} {ergonomic}
   size_t InitialHeapSize                          = 123731968                                 {product} {ergonomic}
   size_t MarkStackSize                            = 4194304                                   {product} {ergonomic}
   size_t MaxHeapSize                              = 2147483648                                {product} {command line}
   size_t MaxMetaspaceSize                         = 536870912                                 {product} {command line}
   size_t MaxNewSize                               = 1287651328                                {product} {ergonomic}
   size_t MinHeapDeltaBytes                        = 1048576                                   {product} {ergonomic}
   size_t MinHeapSize                              = 8388608                                   {product} {ergonomic}
    uintx NonNMethodCodeHeapSize                   = 5832780                                {pd product} {ergonomic}
    uintx NonProfiledCodeHeapSize                  = 122912730                              {pd product} {ergonomic}
    uintx ProfiledCodeHeapSize                     = 122912730                              {pd product} {ergonomic}
    uintx ReservedCodeCacheSize                    = 251658240                              {pd product} {ergonomic}
     bool SegmentedCodeCache                       = true                                      {product} {ergonomic}
   size_t SoftMaxHeapSize                          = 2147483648                             {manageable} {ergonomic}
     bool UseCompressedClassPointers               = true                           {product lp64_product} {ergonomic}
     bool UseCompressedOops                        = true                           {product lp64_product} {ergonomic}
     bool UseG1GC                                  = true                                      {product} {ergonomic}
     bool UseLargePagesIndividualAllocation        = false                                  {pd product} {ergonomic}

Logging:
Log output configuration:
 #0: stdout all=warning uptime,level,tags
 #1: stderr all=off uptime,level,tags

Environment Variables:
JAVA_HOME=C:\Program Files\Eclipse Adoptium\jdk-17.0.16.8-hotspot
PATH=D:\DEV\Django\MAD\MyApp\node_modules\.bin;D:\DEV\Django\MAD\MyApp\node_modules\.bin;D:\DEV\Django\MAD\node_modules\.bin;D:\DEV\Django\node_modules\.bin;D:\DEV\node_modules\.bin;D:\node_modules\.bin;C:\Users\USER\AppData\Roaming\nvm\v18.20.8\node_modules\npm\node_modules\@npmcli\run-script\lib\node-gyp-bin;D:\DEV\Android\flutter\bin\cache\dart-sdk\bin\;E:\Anaconda3;E:\Anaconda3\Scripts;C:\Program Files\Eclipse Adoptium\jdk-17.0.16.8-hotspot;C:\Program Files (x86)\Common Files\Oracle\Java\javapath;C:\WINDOWS\system32;C:\WINDOWS;C:\WINDOWS\System32\Wbem;C:\WINDOWS\System32\WindowsPowerShell\v1.0\;C:\WINDOWS\System32\OpenSSH\;C:\msys64\mingw64\bin;C:\MinGW64\bin;C:\Program Files\Git\cmd;C:\Program Files\Eclipse Adoptium\jdk-17.0.16.8-hotspot\bin;E:\Anaconda3\python;node_modules\npm\bin;C:\Users\bin;C:\Users\bin\cf.exe;C:\Users\USER\AppData\Roaming\nvm;C:\Program Files\nodejs;C:\Program Files\nodejs;C:\Users\USER\AppData\Local\Android\Sdk\platform-tools;C:\Users\USER\AppData\Local\Android\Sdk\emulator;C:\Users\USER\AppData\Local\Programs\MiKTeX\miktex\bin\x64;C:\Program Files\PuTTY\;C:\Users\USER\AppData\Local\Android\Sdk\platform-tools;C:\Users\USER\AppData\Local\Android\Sdk\cmdline-tools\latest\bin;C:\Users\USER\AppData\Local\Android\Sdk\build-tools\34.0.0;C:\Android\platform-tools;C:\Android\cmdline-tools\bin;C:\Android\emulator;C:\Program Files\Docker\Docke;E:\Anaconda3\;E:\Anaconda3\Scripts\;C:\Users\USER\AppData\Local\Programs\Microsoft VS Code\bin;C:\Users\USER\AppData\Local\Microsoft\WindowsApps;C:\Users\USER\AppData\Roaming\npm;C:\src\flutter\bin;C:\Users\USER\AppData\Roaming\nvm;C:\Program Files\nodejs;D:\DEV\Android\flutter\bin;C:\Users\USER\AppData\Local\Programs\MiKTeX\miktex\bin\x64\;C:\Users\USER\go\bin;C:\Program Files\JetBrains\IntelliJ IDEA 2025.2.2\bin;c:\Users\USER\.vscode\extensions\ms-python.debugpy-2025.14.0-win32-x64\bundled\scripts\noConfigScripts;c:\Users\USER\AppData\Roaming\Code\User\globalStorage\github.copilot-chat\debugCommand
USERNAME=USER
LANG=en_US.UTF-8
OS=Windows_NT
PROCESSOR_IDENTIFIER=AMD64 Family 23 Model 96 Stepping 1, AuthenticAMD
TMP=C:\Users\USER\AppData\Local\Temp
TEMP=C:\Users\USER\AppData\Local\Temp



Periodic native trim disabled


---------------  S Y S T E M  ---------------

OS:
 Windows 11 , 64 bit Build 26100 (10.0.26100.5074)
OS uptime: 0 days 0:37 hours
Hyper-V role detected

CPU: total 6 (initial active 6) (6 cores per cpu, 1 threads per core) family 23 model 96 stepping 1 microcode 0x8600106, cx8, cmov, fxsr, mmx, 3dnowpref, sse, sse2, sse3, ssse3, sse4a, sse4.1, sse4.2, popcnt, lzcnt, tsc, tscinvbit, avx, avx2, aes, clmul, bmi1, bmi2, adx, sha, fma, vzeroupper, clflush, clflushopt, hv
Processor Information for all 6 processors :
  Max Mhz: 2375, Current Mhz: 2375, Mhz Limit: 2375

Memory: 4k page, system-wide physical 7541M (674M free)
TotalPageFile size 19132M (AvailPageFile size 134M)
current process WorkingSet (physical memory assigned to process): 1064M, peak: 1064M
current process commit charge ("private bytes"): 1310M, peak: 1762M

vm_info: OpenJDK 64-Bit Server VM (17.0.16+8) for windows-amd64 JRE (17.0.16+8), built on Jul 16 2025 10:37:56 by "admin" with MS VC++ 17.7 (VS2022)

END.
